OrderNum,CustState
1102935,Arkansas
1102976,Missouri
1102988,Mississippi
1103012,Texas
1103031,Texas
1103106,Oklahoma
1103113,Texas
1103172,Texas
1103175,Missouri
1103240,Arkansas
1103282,Texas
1103312,Missouri
1103348,Oklahoma
1103367,Arkansas
1103462,Texas
1103461,Oklahoma
1103475,Texas
1103537,Mississippi
1103597,Texas
1103614,New Mexico
1103631,Texas
1103811,Texas
1103824,Texas
1103901,Texas
1104026,Texas
1104067,Louisiana
1104066,Texas
1104083,Texas
1104122,Louisiana
1104198,Texas
1104231,Texas
1104317,Arkansas
1104404,Texas
1104460,Texas
1104506,Texas
1104527,Missouri
1104558,Louisiana
1104555,Texas
1104652,Texas
1104710,Oklahoma
1104730,Texas
1104858,Missouri
1104920,Oklahoma
1104955,Texas
1105004,Louisiana
1105012,Texas
1105005,Texas
1105044,Texas
1105047,Texas
1105049,Louisiana
1105097,Oklahoma
1105155,Texas
1105172,Arkansas
1105185,Texas
1105245,Mississippi
1105246,Texas
1105247,Missouri
1105260,Oklahoma
1105303,Texas
1105318,Missouri
1105359,Texas
1105403,Louisiana
1105491,Louisiana
1105521,Texas
1105541,Oklahoma
1105560,Texas
1105593,Texas
1105601,Louisiana
1105655,Texas
1105682,Texas
1105691,Texas
1105736,Texas
1105779,Texas
1105853,Arkansas
1105955,Texas
1106021,Oklahoma
1106071,Texas
1106091,Oklahoma
1106149,Texas
1106172,Missouri
1106215,Texas
1106262,Texas
1106398,Texas
1106402,Texas
1106567,Arkansas
1106586,Oklahoma
1106684,Oklahoma
1106703,Texas
1106712,Missouri
1106741,Texas
1106753,Louisiana
1106767,Mississippi
1106778,Texas
1106896,Mississippi
1106905,Texas
1106904,Texas
1106956,Texas
1107033,Texas
1107082,Texas
1107108,Texas
1107126,Texas
1107133,Texas
1107150,Louisiana
1107176,New Mexico
1107183,Texas
1107224,Texas
1107239,New Mexico
1107294,Texas
1107306,Louisiana
1107314,Oklahoma
1107392,Texas
1107432,Missouri
1107566,Texas
1107575,Oklahoma
1107657,Texas
1107678,Texas
1107707,Texas
1107720,Texas
1107733,Texas
1107741,Oklahoma
1107743,Texas
1107782,Louisiana
1107872,Texas
1107934,Oklahoma
1102878,North Carolina
1102928,Maryland
1102966,Kentucky
1102971,North Carolina
1103073,Maryland
1103076,Maryland
1103288,District of Columbia
1103302,North Carolina
1103303,Tennessee
1103393,North Carolina
1103450,District of Columbia
1103529,Virginia
1103669,Virginia
1103768,North Carolina
1103791,Virginia
1103798,District of Columbia
1103807,Kentucky
1103820,Maryland
1103914,Kentucky
1103954,Tennessee
1103992,North Carolina
1103983,West Virginia
1103984,District of Columbia
1104193,Virginia
1104188,Kentucky
1104236,Kentucky
1104244,Tennessee
1104296,Virginia
1104306,North Carolina
1104352,Delaware
1104366,West Virginia
1104375,Kentucky
1104387,Kentucky
1104516,Kentucky
1104582,North Carolina
1104676,Delaware
1104734,Virginia
1104813,North Carolina
1104944,Virginia
1105159,North Carolina
1105181,Virginia
1105206,Delaware
1105219,Tennessee
1105369,North Carolina
1105441,Delaware
1105472,District of Columbia
1105495,District of Columbia
1105580,Kentucky
1105600,District of Columbia
1105683,Virginia
1105708,Virginia
1105737,Tennessee
1105796,District of Columbia
1105838,Kentucky
1106046,District of Columbia
1106072,North Carolina
1106099,District of Columbia
1106135,District of Columbia
1106266,Kentucky
1106423,North Carolina
1106415,Maryland
1106424,District of Columbia
1106466,District of Columbia
1106514,Virginia
1106566,District of Columbia
1106662,Kentucky
1106661,North Carolina
1106666,District of Columbia
1106672,Virginia
1106701,District of Columbia
1106733,Kentucky
1106747,Tennessee
1106819,Virginia
1106839,District of Columbia
1106933,Tennessee
1106994,Kentucky
1107060,Tennessee
1107128,Kentucky
1107165,District of Columbia
1107211,District of Columbia
1107260,Delaware
1107371,District of Columbia
1107394,Maryland
1107436,Virginia
1107476,North Carolina
1107621,Maryland
1107717,District of Columbia
1107760,Virginia
1107770,Maryland
1107861,Virginia
1107896,Tennessee
1107931,Maryland
1107942,District of Columbia
1107967,Maryland
1102877,New York
1102918,New York
1102993,New York
1102996,New York
1103022,New Hampshire
1103097,New York
1103176,New York
1103230,New Jersey
1103238,Pennsylvania
1103245,New York
1103319,New York
1103339,New York
1103355,New York
1103407,Pennsylvania
1103412,New York
1103463,New York
1103474,New York
1103485,New York
1103499,New York
1103494,Pennsylvania
1103512,New Jersey
1103557,New York
1103624,New York
1103642,New Jersey
1103662,Pennsylvania
1103679,New York
1103709,New York
1103755,New York
1103759,New York
1103780,New York
1103789,Pennsylvania
1103815,New York
1103848,New York
1103885,New Jersey
1103893,New York
1103912,Massachusetts
1103961,New Jersey
1103971,Pennsylvania
1103985,Pennsylvania
1104004,New Jersey
1104017,New York
1104051,New York
1104068,Pennsylvania
1104093,Pennsylvania
1104130,New Jersey
1104172,Pennsylvania
1104212,New York
1104239,New Jersey
1104272,New York
1104273,Pennsylvania
1104291,Massachusetts
1104310,New York
1104335,Pennsylvania
1104421,New York
1104447,New Jersey
1104455,Pennsylvania
1104461,New York
1104490,Connecticut
1104549,New York
1104561,New York
1104575,Massachusetts
1104613,Pennsylvania
1104671,Pennsylvania
1104667,New Jersey
1104703,Pennsylvania
1104715,Connecticut
1104725,New York
1104767,Massachusetts
1104762,New York
1104774,New York
1104779,New Jersey
1104792,Connecticut
1104852,New York
1104893,Massachusetts
1104931,Pennsylvania
1104952,New Jersey
1104964,Pennsylvania
1104980,Connecticut
1104981,Pennsylvania
1104983,New York
1105016,New York
1105029,New York
1105070,Pennsylvania
1105078,New York
1105096,New York
1105111,New York
1105115,Pennsylvania
1105174,Pennsylvania
1105186,Pennsylvania
1105196,Pennsylvania
1105197,Connecticut
1105207,New Jersey
1105248,New York
1105290,New Jersey
1105293,New Jersey
1105304,Massachusetts
1105324,Pennsylvania
1105366,Pennsylvania
1105370,New Jersey
1105378,New York
1105394,Pennsylvania
1105402,Massachusetts
1105411,New York
1105418,Pennsylvania
1105431,New York
1105503,New Jersey
1105496,New York
1105549,New York
1105558,Connecticut
1105583,Pennsylvania
1105609,Pennsylvania
1105610,Massachusetts
1105612,New York
1105659,Connecticut
1105666,New York
1105707,New York
1105721,Connecticut
1105738,Massachusetts
1105769,New York
1105783,Pennsylvania
1105797,Pennsylvania
1105832,New Jersey
1105849,New York
1105860,Pennsylvania
1105867,New York
1105868,New York
1105911,New Jersey
1105931,New Hampshire
1105936,New York
1105941,New Jersey
1105961,New York
1105998,Pennsylvania
1106041,Pennsylvania
1106047,Massachusetts
1106094,New York
1106104,Pennsylvania
1106121,New York
1106126,New York
1106175,New Jersey
1106208,New York
1106249,Pennsylvania
1106250,Pennsylvania
1106272,Pennsylvania
1106281,Massachusetts
1106288,New York
1106287,New York
1106395,New York
1106443,New Jersey
1106481,New York
1106503,Pennsylvania
1106519,New York
1106542,New York
1106590,New York
1106584,Pennsylvania
1106591,New York
1106687,New York
1106680,New York
1106723,New York
1106750,Connecticut
1106754,New York
1106755,New Jersey
1106762,Connecticut
1106768,Massachusetts
1106804,Massachusetts
1106800,New York
1106814,New York
1106825,Connecticut
1106834,New York
1106873,New Jersey
1106900,Pennsylvania
1106907,New York
1106906,New York
1106942,Massachusetts
1106946,New York
1106979,Pennsylvania
1106981,New York
1107068,Pennsylvania
1107102,New York
1107103,Connecticut
1107109,Massachusetts
1107127,Massachusetts
1107144,New York
1107173,Pennsylvania
1107212,Connecticut
1107228,Pennsylvania
1107234,New York
1107291,New York
1107292,New York
1107315,New York
1107323,New York
1107334,New York
1107356,New York
1107357,New York
1107380,Massachusetts
1107402,New York
1107456,Pennsylvania
1107465,Massachusetts
1107466,Massachusetts
1107478,New York
1107512,Pennsylvania
1107530,New York
1107573,New York
1107602,New York
1107613,Pennsylvania
1107670,Pennsylvania
1107687,New Hampshire
1107692,New York
1107701,New York
1107702,Massachusetts
1107715,New York
1107711,New Jersey
1107735,New York
1107759,New York
1107790,Connecticut
1107805,New York
1107839,New York
1107883,Pennsylvania
1107887,New York
1107918,New York
1107917,New York
1107983,New Jersey
1102879,Oregon
1102942,Washington
1102964,Washington
1103108,Oregon
1103143,Washington
1103152,Washington
1103162,Oregon
1103309,Washington
1103459,Washington
1103513,Washington
1103536,Washington
1103609,Washington
1103616,Washington
1103743,Alaska
1103769,Washington
1103799,Washington
1103854,Alaska
1103962,Oregon
1103977,Idaho
1103986,Washington
1103987,Oregon
1104029,Washington
1104098,Alaska
1104195,Washington
1104229,Idaho
1104294,Oregon
1104300,Alaska
1104353,Washington
1104428,Idaho
1104594,Idaho
1104607,Alaska
1104606,Washington
1104611,Oregon
1104706,Washington
1104709,Washington
1104736,Washington
1104759,Oregon
1104870,Washington
1105030,Idaho
1105125,Washington
1105217,Washington
1105404,Washington
1105492,Washington
1105647,Washington
1105780,Washington
1105819,Oregon
1105826,Oregon
1105919,Washington
1105948,Idaho
1106174,Washington
1106212,Washington
1106337,Washington
1106550,Washington
1106551,Alaska
1106620,Alaska
1106636,Washington
1106657,Washington
1106654,Alaska
1106663,Idaho
1106727,Washington
1106756,Washington
1107192,Oregon
1107349,Oregon
1107412,Idaho
1107452,Washington
1107479,Washington
1107517,Washington
1107552,Washington
1107576,Washington
1107666,Oregon
1107754,Washington
1107774,Washington
1107808,Washington
1102899,Wisconsin
1102984,Michigan
1103011,Ohio
1103037,Ohio
1103062,Illinois
1103126,Illinois
1103163,Illinois
1103217,Michigan
1103269,Iowa
1103290,Ohio
1103284,Minnesota
1103342,Illinois
1103392,Minnesota
1103389,Minnesota
1103399,Minnesota
1103554,Indiana
1103644,Minnesota
1103702,Michigan
1103735,Ohio
1103729,Kansas
1103800,Indiana
1103827,Indiana
1103878,Minnesota
1103918,Ohio
1104025,Minnesota
1104075,Ohio
1104113,Kansas
1104114,Minnesota
1104138,Wisconsin
1104152,Ohio
1104217,Illinois
1104220,Illinois
1104368,Wisconsin
1104374,Kansas
1104409,Ohio
1104466,Ohio
1104487,Ohio
1104521,Illinois
1104530,Kansas
1104541,Michigan
1104543,Ohio
1104550,Illinois
1104564,Iowa
1104615,Indiana
1104668,Michigan
1104677,Ohio
1104717,Illinois
1104747,Illinois
1104800,Illinois
1104810,Wisconsin
1104880,Michigan
1104894,Minnesota
1104905,Ohio
1104927,Kansas
1104936,Iowa
1104951,Indiana
1104953,Michigan
1104945,Michigan
1105010,Iowa
1105017,Minnesota
1105021,Michigan
1105055,Illinois
1105134,Michigan
1105201,Ohio
1105267,Minnesota
1105302,Illinois
1105329,Illinois
1105368,Ohio
1105379,Ohio
1105435,Ohio
1105497,Ohio
1105505,Ohio
1105692,Ohio
1105700,Ohio
1105728,Ohio
1105745,Michigan
1105761,Kansas
1105808,Ohio
1105848,Iowa
1105862,Kansas
1105870,Ohio
1105938,Kansas
1105932,Indiana
1105999,Iowa
1106143,Minnesota
1106231,Minnesota
1106251,Wisconsin
1106258,Iowa
1106273,Wisconsin
1106283,Ohio
1106351,Ohio
1106361,Minnesota
1106386,Michigan
1106396,Illinois
1106416,Ohio
1106445,Ohio
1106508,Minnesota
1106524,Ohio
1106543,Ohio
1106610,Michigan
1106638,Illinois
1106704,Michigan
1106709,Ohio
1106728,Michigan
1106761,Ohio
1106788,Ohio
1106968,Ohio
1106970,Minnesota
1106969,Ohio
1107028,Illinois
1107104,Illinois
1107154,Michigan
1107297,Kansas
1107431,Minnesota
1107553,Michigan
1107593,Indiana
1107622,Wisconsin
1107644,Illinois
1107744,Minnesota
1107813,Illinois
1107840,Ohio
1107891,Michigan
1107897,Wisconsin
1107911,Ohio
1107936,Indiana
1107947,Iowa
1107953,Minnesota
1102882,Virginia
1102937,District of Columbia
1102950,Tennessee
1102977,Virginia
1103001,Kentucky
1103085,Maryland
1103091,District of Columbia
1103100,District of Columbia
1103136,Maryland
1103145,Virginia
1103181,Tennessee
1103222,Kentucky
1103223,Tennessee
1103304,Virginia
1103553,Virginia
1103586,District of Columbia
1103610,District of Columbia
1103781,Virginia
1103943,District of Columbia
1103970,District of Columbia
1103995,North Carolina
1104018,West Virginia
1104019,North Carolina
1104109,Virginia
1104124,Tennessee
1104189,District of Columbia
1104219,Virginia
1104299,Virginia
1104318,North Carolina
1104330,North Carolina
1104441,Virginia
1104458,North Carolina
1104603,West Virginia
1104660,Kentucky
1104661,Maryland
1104674,Tennessee
1104760,District of Columbia
1104811,North Carolina
1104846,North Carolina
1104835,Tennessee
1104906,North Carolina
1105057,Kentucky
1105098,West Virginia
1105133,North Carolina
1105198,Kentucky
1105213,Kentucky
1105241,Virginia
1105291,Kentucky
1105383,Kentucky
1105385,Virginia
1105391,Kentucky
1105539,Tennessee
1105534,Virginia
1105567,Maryland
1105575,District of Columbia
1105613,Virginia
1105663,North Carolina
1105698,West Virginia
1105729,Virginia
1105768,District of Columbia
1105813,North Carolina
1105925,Tennessee
1105986,Delaware
1106004,Virginia
1106028,District of Columbia
1106080,Virginia
1106095,District of Columbia
1106154,Tennessee
1106156,Virginia
1106182,District of Columbia
1106194,West Virginia
1106209,West Virginia
1106241,Kentucky
1106313,Maryland
1106317,Maryland
1106321,Tennessee
1106333,North Carolina
1106338,North Carolina
1106353,North Carolina
1106358,District of Columbia
1106363,District of Columbia
1106393,Kentucky
1106446,Tennessee
1106491,Tennessee
1106500,Tennessee
1106540,District of Columbia
1106616,Tennessee
1106627,Virginia
1106716,West Virginia
1106771,Tennessee
1106797,Kentucky
1106846,Virginia
1106870,North Carolina
1106908,District of Columbia
1106924,Delaware
1106950,Kentucky
1106959,Delaware
1107029,Tennessee
1107087,Maryland
1107084,Tennessee
1107142,Tennessee
1107208,Virginia
1107252,Kentucky
1107268,Maryland
1107352,North Carolina
1107401,District of Columbia
1107463,West Virginia
1107501,District of Columbia
1107502,Maryland
1107533,North Carolina
1107596,North Carolina
1107623,District of Columbia
1107651,Virginia
1107671,Maryland
1107745,Kentucky
1107762,Delaware
1107809,Tennessee
1107837,North Carolina
1107880,District of Columbia
1107898,North Carolina
1107921,Delaware
1107919,District of Columbia
1107946,West Virginia
1107951,Kentucky
1102886,Missouri
1102952,New Mexico
1102975,Arkansas
1102972,Texas
1103023,Arkansas
1103349,Arkansas
1103424,Texas
1103453,Texas
1103471,Oklahoma
1103470,Louisiana
1103476,Texas
1103560,Texas
1103606,Texas
1103632,Texas
1103682,Texas
1103837,Missouri
1103841,Texas
1103847,Texas
1103868,Oklahoma
1103884,Louisiana
1103915,Missouri
1103948,Louisiana
1103974,New Mexico
1104057,Oklahoma
1104069,Missouri
1104100,Texas
1104145,Texas
1104248,Louisiana
1104271,Oklahoma
1104270,Texas
1104289,Texas
1104319,Texas
1104376,Texas
1104496,Texas
1104491,Texas
1104600,Oklahoma
1104605,Louisiana
1104619,Texas
1104659,Texas
1104666,Louisiana
1104670,Texas
1104690,Texas
1104702,Texas
1104714,Louisiana
1104737,Texas
1104775,Texas
1104865,Arkansas
1104963,Louisiana
1105001,Texas
1105038,Texas
1105088,Texas
1105128,Texas
1105205,Texas
1105220,Louisiana
1105258,Texas
1105255,Texas
1105289,Texas
1105299,Missouri
1105320,Texas
1105328,Texas
1105413,Texas
1105454,Louisiana
1105464,Oklahoma
1105473,Texas
1105535,Mississippi
1105568,Texas
1105639,Arkansas
1105675,Texas
1105688,Texas
1105709,Missouri
1105744,Texas
1105804,Missouri
1105820,Texas
1105827,Oklahoma
1105844,Texas
1105855,Texas
1105875,Texas
1105939,Louisiana
1105944,Texas
1105962,Missouri
1106005,Oklahoma
1106110,Texas
1106150,Louisiana
1106157,Arkansas
1106167,Texas
1106169,Texas
1106188,Texas
1106264,Texas
1106267,Oklahoma
1106293,Texas
1106304,Missouri
1106346,Oklahoma
1106403,Texas
1106404,Texas
1106440,Texas
1106459,Missouri
1106504,Oklahoma
1106556,Louisiana
1106572,Missouri
1106573,Texas
1106619,Oklahoma
1106624,Texas
1106717,Missouri
1106869,Missouri
1106886,Texas
1106925,Texas
1106973,Texas
1106997,Texas
1107061,Missouri
1107071,Oklahoma
1107107,Missouri
1107170,Texas
1107194,Louisiana
1107229,Texas
1107246,Oklahoma
1107270,Texas
1107332,Texas
1107339,Texas
1107341,Texas
1107354,Texas
1107415,Texas
1107445,Louisiana
1107448,Texas
1107486,Texas
1107548,Louisiana
1107595,Mississippi
1107592,Texas
1107603,Oklahoma
1107606,Texas
1107652,Louisiana
1107660,Texas
1107669,Texas
1107683,Missouri
1107871,Texas
1107977,Texas
1102914,California
1102953,Nevada
1102967,California
1102981,California
1103027,California
1103053,California
1103079,California
1103086,California
1103092,California
1103103,California
1103133,Nevada
1103146,California
1103226,California
1103228,California
1103253,California
1103283,California
1103289,Nevada
1103310,California
1103365,California
1103396,California
1103406,California
1103437,California
1103523,California
1103592,California
1103617,California
1103688,Nevada
1103698,California
1103710,Nevada
1103720,California
1103888,California
1103913,California
1103955,California
1104035,California
1104064,California
1104090,Nevada
1104120,California
1104179,California
1104250,California
1104286,Nevada
1104288,California
1104287,California
1104302,California
1104359,California
1104418,California
1104449,California
1104448,California
1104515,California
1104533,California
1104553,California
1104608,California
1104631,California
1104684,California
1104802,California
1104857,California
1104979,California
1104982,California
1105080,California
1105236,California
1105249,California
1105305,California
1105323,California
1105361,Nevada
1105395,California
1105424,California
1105476,California
1105518,California
1105517,California
1105522,California
1105584,Nevada
1105720,California
1105739,Nevada
1105787,California
1105806,California
1105840,California
1105854,California
1105850,Hawaii
1105882,Nevada
1105917,Nevada
1105974,California
1105967,California
1106048,Nevada
1106096,California
1106102,California
1106112,California
1106158,Hawaii
1106183,California
1106197,California
1106294,California
1106314,California
1106335,California
1106354,California
1106368,Nevada
1106377,California
1106405,California
1106472,California
1106565,California
1106585,California
1106693,California
1106789,California
1106790,California
1106801,California
1106840,California
1106887,California
1106909,California
1106918,Nevada
1106953,California
1106957,California
1106988,California
1107003,California
1107054,Nevada
1107171,California
1107172,California
1107230,California
1107240,California
1107269,California
1107271,California
1107298,California
1107373,California
1107411,Nevada
1107446,California
1107503,California
1107525,California
1107524,California
1107538,California
1107645,California
1107656,California
1107680,California
1107679,California
1107755,California
1107819,California
1107841,California
1107846,California
1107856,California
1107888,California
1107906,California
1107954,California
1107978,Nevada
1102881,Florida
1102960,Florida
1103044,Georgia
1103144,Florida
1103153,Florida
1103182,Georgia
1103206,Alabama
1103204,Georgia
1103198,Georgia
1103214,Alabama
1103265,Georgia
1103264,Georgia
1103277,Alabama
1103298,Florida
1103340,Florida
1103433,Florida
1103431,Georgia
1103460,Alabama
1103565,Florida
1103584,South Carolina
1103670,Georgia
1103680,Florida
1103810,Florida
1103861,Alabama
1103886,Florida
1103996,Florida
1104184,Florida
1104215,Georgia
1104338,Florida
1104360,Florida
1104383,Georgia
1104380,Florida
1104412,Florida
1104523,Florida
1104612,Florida
1104696,Alabama
1104781,Alabama
1104803,Florida
1104886,Florida
1104966,Florida
1104965,South Carolina
1104999,Florida
1105048,Alabama
1105142,Florida
1105178,Florida
1105250,Florida
1105261,Florida
1105396,Alabama
1105512,Florida
1105523,Georgia
1105638,Florida
1105892,Florida
1105950,Georgia
1106007,Georgia
1106012,South Carolina
1106059,Florida
1106068,Georgia
1106073,Florida
1106113,Alabama
1106190,Georgia
1106200,Florida
1106253,Florida
1106252,Georgia
1106280,Georgia
1106318,Florida
1106434,Georgia
1106439,Florida
1106458,Alabama
1106467,Florida
1106547,Georgia
1106592,Georgia
1106611,Florida
1106667,Florida
1106695,Florida
1106751,Florida
1106820,South Carolina
1106841,Florida
1106888,Florida
1107014,Georgia
1107248,Florida
1107278,Florida
1107467,Alabama
1107589,Alabama
1107642,Georgia
1107693,Florida
1107870,Georgia
1107889,Georgia
1102921,Ohio
1102955,Indiana
1102948,Illinois
1102995,Wisconsin
1102990,Indiana
1103047,Illinois
1103078,Wisconsin
1103084,Illinois
1103111,Ohio
1103124,Illinois
1103119,Ohio
1103174,Kansas
1103189,Minnesota
1103195,Ohio
1103249,Minnesota
1103266,Illinois
1103313,Indiana
1103324,Illinois
1103368,Iowa
1103400,Iowa
1103417,Iowa
1103434,Ohio
1103428,Iowa
1103442,Michigan
1103487,Minnesota
1103519,Ohio
1103544,Michigan
1103587,Iowa
1103599,Minnesota
1103625,Illinois
1103728,Wisconsin
1103721,Indiana
1103722,Michigan
1103732,Wisconsin
1103749,Ohio
1103758,Illinois
1103779,Indiana
1103826,Minnesota
1103821,Ohio
1103891,Wisconsin
1103950,Illinois
1103966,Michigan
1104001,Illinois
1104049,Ohio
1104060,Ohio
1104059,Wisconsin
1104108,Wisconsin
1104104,Illinois
1104115,Iowa
1104146,Ohio
1104150,Indiana
1104199,Michigan
1104200,Illinois
1104262,Kansas
1104281,Michigan
1104284,Indiana
1104339,Ohio
1104347,Minnesota
1104367,Minnesota
1104397,Michigan
1104402,Kansas
1104430,Indiana
1104452,Ohio
1104478,Ohio
1104493,Ohio
1104503,Minnesota
1104507,Indiana
1104524,Kansas
1104531,Illinois
1104539,Kansas
1104583,Minnesota
1104628,Indiana
1104643,Wisconsin
1104662,Iowa
1104669,Minnesota
1104697,Ohio
1104751,Ohio
1104752,Illinois
1104899,Wisconsin
1104932,Illinois
1104939,Kansas
1104967,Iowa
1105126,Ohio
1105164,Michigan
1105202,Illinois
1105235,Ohio
1105306,Ohio
1105307,Ohio
1105333,Wisconsin
1105371,Minnesota
1105392,Kansas
1105405,Minnesota
1105420,Minnesota
1105436,Minnesota
1105483,Iowa
1105588,Kansas
1105611,Ohio
1105626,Wisconsin
1105664,Illinois
1105734,Iowa
1105748,Kansas
1105750,Illinois
1105789,Ohio
1105801,Kansas
1105880,Ohio
1105896,Ohio
1105912,Michigan
1105926,Wisconsin
1105956,Illinois
1105987,Minnesota
1105993,Ohio
1105997,Kansas
1106015,Illinois
1106029,Wisconsin
1106093,Minnesota
1106127,Indiana
1106155,Minnesota
1106161,Ohio
1106206,Iowa
1106234,Illinois
1106246,Ohio
1106310,Minnesota
1106406,Michigan
1106425,Kansas
1106433,Indiana
1106474,Wisconsin
1106473,Indiana
1106479,Kansas
1106486,Wisconsin
1106544,Ohio
1106554,Michigan
1106570,Iowa
1106600,Michigan
1106634,Kansas
1106651,Minnesota
1106673,Ohio
1106718,Illinois
1106748,Iowa
1106757,Ohio
1106832,Kansas
1106842,Minnesota
1106871,Illinois
1106876,Kansas
1106877,Illinois
1106884,Minnesota
1106949,Illinois
1106966,Ohio
1106972,Indiana
1106971,Michigan
1107000,Indiana
1107059,Ohio
1107205,Indiana
1107272,Illinois
1107296,Kansas
1107309,Iowa
1107302,Ohio
1107316,Ohio
1107368,Minnesota
1107369,Illinois
1107374,Wisconsin
1107395,Kansas
1107413,Ohio
1107447,Wisconsin
1107487,Indiana
1107559,Kansas
1107567,Minnesota
1107591,Ohio
1107614,Michigan
1107653,Michigan
1107684,Minnesota
1107703,Ohio
1107726,Indiana
1107763,Illinois
1107779,Michigan
1107916,Wisconsin
1107912,Ohio
1107932,Minnesota
1107938,Illinois
1107937,Illinois
1107991,Minnesota
1102884,Alaska
1102989,Alaska
1103229,Washington
1103239,Washington
1103305,Washington
1103350,Washington
1103413,Washington
1103427,Oregon
1103454,Washington
1103502,Washington
1103503,Idaho
1103522,Washington
1103527,Washington
1103573,Washington
1103626,Washington
1103890,Idaho
1103919,Alaska
1104073,Washington
1104277,Washington
1104274,Oregon
1104331,Washington
1104358,Alaska
1104413,Oregon
1104462,Washington
1104921,Oregon
1105027,Alaska
1105144,Idaho
1105199,Idaho
1105298,Oregon
1105347,Alaska
1105377,Washington
1105637,Idaho
1105645,Alaska
1105673,Washington
1105756,Alaska
1105852,Oregon
1105940,Washington
1106074,Washington
1106115,Washington
1106142,Oregon
1106151,Washington
1106435,Washington
1106444,Washington
1106494,Washington
1106520,Idaho
1106764,Washington
1106786,Idaho
1106923,Alaska
1107031,Washington
1107213,Washington
1107253,Oregon
1107396,Washington
1107457,Washington
1107727,Alaska
1107810,Oregon
1107842,Washington
1107926,Alaska
1107976,Alaska
1107995,Washington
1102897,Florida
1102907,Georgia
1102940,Florida
1103057,Florida
1103077,Georgia
1103087,Florida
1103127,Georgia
1103257,Florida
1103261,Georgia
1103270,Georgia
1103318,Georgia
1103314,South Carolina
1103408,Florida
1103486,Florida
1103535,Florida
1103538,Alabama
1103555,Florida
1103575,Florida
1103645,Florida
1103647,South Carolina
1103692,Alabama
1103723,Florida
1103753,Georgia
1103790,Florida
1103808,South Carolina
1103822,Florida
1103875,Florida
1103944,Florida
1103951,Georgia
1103981,Georgia
1103994,Florida
1104030,Georgia
1104050,Georgia
1104153,Florida
1104201,Florida
1104230,Florida
1104305,Georgia
1104354,South Carolina
1104390,Florida
1104389,Alabama
1104548,Georgia
1104568,Florida
1104576,Alabama
1104704,Florida
1104726,Georgia
1104746,Florida
1104740,Georgia
1104753,Florida
1104801,Florida
1104807,Alabama
1104836,Florida
1104871,Georgia
1104890,Georgia
1105006,Alabama
1105018,South Carolina
1105035,Alabama
1105062,Georgia
1105068,Alabama
1105079,Florida
1105092,Florida
1105161,Florida
1105256,Florida
1105350,Florida
1105372,Florida
1105410,Florida
1105419,Georgia
1105484,Georgia
1105507,Florida
1105542,Alabama
1105544,Florida
1105557,Florida
1105640,Georgia
1105656,Alabama
1105648,Florida
1105689,Florida
1105717,Florida
1105775,Georgia
1105833,Florida
1105913,Florida
1105928,Florida
1105989,Alabama
1105994,Florida
1106006,Alabama
1106000,South Carolina
1106016,Georgia
1106022,Florida
1106036,Florida
1106076,Alabama
1106075,Florida
1106137,Florida
1106162,Florida
1106191,Florida
1106192,Alabama
1106203,Florida
1106220,Florida
1106235,Florida
1106305,Florida
1106331,South Carolina
1106385,Alabama
1106394,Florida
1106448,Alabama
1106465,Florida
1106697,Florida
1106711,Florida
1106734,Florida
1106742,Florida
1106777,Florida
1106815,Florida
1106872,Florida
1106912,Alabama
1106951,Georgia
1106996,Florida
1107034,Georgia
1107058,Alabama
1107101,Alabama
1107093,Florida
1107120,Georgia
1107132,Florida
1107151,Alabama
1107145,Florida
1107174,Florida
1107218,Georgia
1107220,Florida
1107273,Florida
1107299,Florida
1107318,Georgia
1107344,Georgia
1107351,Georgia
1107343,Alabama
1107393,Florida
1107405,Alabama
1107437,Alabama
1107453,Florida
1107497,South Carolina
1107536,Florida
1107611,Florida
1107615,Florida
1107659,Florida
1107718,Florida
1107789,Alabama
1107800,Florida
1107799,Florida
1107803,South Carolina
1107811,Florida
1107844,Alabama
1107850,Florida
1107873,Georgia
1107881,Georgia
1107984,Florida
1107988,Florida
1107992,Florida
1102887,Nevada
1102938,California
1103028,California
1103080,California
1103090,California
1103164,California
1103246,California
1103384,California
1103402,California
1103504,Nevada
1103591,California
1103671,California
1103760,California
1103782,California
1103797,California
1103860,California
1103867,California
1103931,California
1104043,California
1104228,California
1104345,California
1104341,California
1104395,California
1104435,California
1104470,California
1104479,California
1104500,California
1104518,California
1104570,California
1104621,California
1104678,California
1104741,California
1104848,California
1104911,Hawaii
1105028,California
1105081,California
1105162,California
1105175,California
1105285,California
1105550,California
1105559,California
1105576,California
1105632,California
1105660,Nevada
1105672,California
1105704,California
1105805,California
1105830,California
1105886,California
1105888,California
1105927,Nevada
1105954,California
1105980,California
1105982,California
1106034,California
1106037,California
1106042,California
1106049,California
1106056,California
1106069,Hawaii
1106082,California
1106084,California
1106128,Nevada
1106141,California
1106274,California
1106315,California
1106325,Nevada
1106342,California
1106355,California
1106496,California
1106538,California
1106675,California
1106674,California
1106699,California
1106817,California
1106880,California
1106921,California
1107021,California
1107110,California
1107143,California
1107166,California
1107195,California
1107276,Nevada
1107280,California
1107319,California
1107496,California
1107584,California
1107619,California
1107649,California
1107721,California
1107787,California
1107894,California
1107910,California
1107907,Hawaii
1107987,Nevada
1102957,Virginia
1102978,North Carolina
1103051,Virginia
1103104,Kentucky
1103101,District of Columbia
1103159,Tennessee
1103154,Delaware
1103171,Virginia
1103165,Kentucky
1103183,North Carolina
1103196,Tennessee
1103213,North Carolina
1103215,Virginia
1103297,District of Columbia
1103361,District of Columbia
1103376,West Virginia
1103381,Kentucky
1103388,North Carolina
1103505,Virginia
1103526,District of Columbia
1103530,District of Columbia
1103618,Tennessee
1103621,West Virginia
1103655,District of Columbia
1103718,District of Columbia
1103764,Virginia
1103765,District of Columbia
1103803,North Carolina
1103814,North Carolina
1103846,Kentucky
1103853,Kentucky
1103855,Maryland
1103862,Kentucky
1103863,Tennessee
1103892,North Carolina
1103902,Kentucky
1103949,West Virginia
1103963,North Carolina
1103988,North Carolina
1104007,Tennessee
1104009,West Virginia
1104063,Virginia
1104070,Maryland
1104076,District of Columbia
1104126,Kentucky
1104125,District of Columbia
1104132,Virginia
1104135,Virginia
1104165,District of Columbia
1104214,West Virginia
1104252,North Carolina
1104332,North Carolina
1104471,District of Columbia
1104504,Virginia
1104586,Virginia
1104595,Virginia
1104629,Virginia
1104648,North Carolina
1104657,Delaware
1104749,Virginia
1104754,Tennessee
1104777,Kentucky
1104785,North Carolina
1104786,Kentucky
1104817,District of Columbia
1104889,Maryland
1104901,Tennessee
1104968,West Virginia
1104997,Virginia
1105022,Virginia
1105154,Kentucky
1105203,West Virginia
1105339,Virginia
1105489,Virginia
1105529,Virginia
1105528,District of Columbia
1105536,West Virginia
1105623,Tennessee
1105649,West Virginia
1105749,Kentucky
1105746,North Carolina
1105757,Kentucky
1105856,Virginia
1105863,Virginia
1105869,Maryland
1105910,District of Columbia
1105916,Tennessee
1105951,North Carolina
1105968,Virginia
1106023,Virginia
1106057,District of Columbia
1106066,Maryland
1106189,Kentucky
1106217,West Virginia
1106279,Maryland
1106295,North Carolina
1106375,North Carolina
1106426,Delaware
1106441,Maryland
1106452,North Carolina
1106488,Virginia
1106515,Virginia
1106525,Virginia
1106670,Kentucky
1106702,Tennessee
1106721,Tennessee
1106743,Virginia
1106821,Tennessee
1106843,West Virginia
1106849,Kentucky
1106856,District of Columbia
1107006,North Carolina
1107030,Virginia
1107043,Virginia
1107055,Tennessee
1107069,Virginia
1107091,Virginia
1107116,District of Columbia
1107141,Tennessee
1107156,Kentucky
1107163,Virginia
1107177,Tennessee
1107251,Maryland
1107254,Virginia
1107340,Kentucky
1107370,Tennessee
1107443,Virginia
1107528,Delaware
1107568,District of Columbia
1107626,Maryland
1107643,West Virginia
1107654,Virginia
1107685,District of Columbia
1107752,Virginia
1107847,District of Columbia
1107853,Tennessee
1107899,Virginia
1107914,Virginia
1107963,Virginia
1102896,Utah
1102888,Colorado
1103072,Arizona
1103115,Colorado
1103120,Utah
1103155,Arizona
1103173,Utah
1103188,Arizona
1103205,Colorado
1103394,Arizona
1103477,Colorado
1103483,Colorado
1103495,Arizona
1103566,Arizona
1103580,Colorado
1103588,Arizona
1103615,Colorado
1103635,Utah
1103792,Utah
1103828,Arizona
1103869,Colorado
1103993,Arizona
1104157,Arizona
1104210,Colorado
1104266,Arizona
1104315,Colorado
1104483,Arizona
1104593,Arizona
1104587,Colorado
1104644,Colorado
1104755,Colorado
1104793,Colorado
1104850,Arizona
1104849,Arizona
1104872,Colorado
1105105,Arizona
1105187,Arizona
1105251,Colorado
1105389,Colorado
1105437,Colorado
1105475,Arizona
1105705,Arizona
1105724,Arizona
1105740,Colorado
1105786,Colorado
1105823,Arizona
1105871,Arizona
1105902,Colorado
1106070,Colorado
1106089,Colorado
1106176,Colorado
1106216,Arizona
1106282,Utah
1106400,Arizona
1106422,Colorado
1106427,Colorado
1106464,Colorado
1106521,Utah
1106574,Arizona
1106609,Colorado
1106625,Arizona
1106660,Arizona
1106698,Arizona
1106744,Utah
1106799,Arizona
1106811,Colorado
1106807,Utah
1106944,Utah
1107032,Arizona
1107117,Arizona
1107241,Utah
1107286,Colorado
1107333,Utah
1107550,Utah
1107558,Arizona
1107668,Colorado
1107734,Colorado
1107728,Utah
1107729,Utah
1107740,Colorado
1107742,Colorado
1107738,Colorado
1107815,Arizona
1107930,Utah
1107960,Utah
1102930,Colorado
1103273,Colorado
1103373,Arizona
1103581,Arizona
1103600,Utah
1103607,Arizona
1103636,Arizona
1103643,Colorado
1103707,Colorado
1103736,Colorado
1103804,Arizona
1103829,Utah
1103823,Arizona
1104077,Colorado
1104196,Colorado
1104221,Arizona
1104253,Colorado
1104279,Colorado
1104419,Arizona
1104468,Colorado
1104602,Utah
1104638,Utah
1104727,Arizona
1104738,Arizona
1104761,Utah
1104788,Utah
1104815,Colorado
1104837,Colorado
1104881,Arizona
1104891,Arizona
1104902,Utah
1105007,Colorado
1105102,Colorado
1105200,Arizona
1105208,Colorado
1105209,Arizona
1105221,Colorado
1105294,Utah
1105297,Utah
1105327,Arizona
1105334,Arizona
1105447,Arizona
1105452,Arizona
1105498,Colorado
1105511,Colorado
1105548,Arizona
1105555,Arizona
1105561,Arizona
1105646,Colorado
1105747,Arizona
1105781,Colorado
1105985,Arizona
1106051,Colorado
1106101,Utah
1106210,Arizona
1106323,Colorado
1106487,Colorado
1106510,Arizona
1106518,Utah
1106653,Arizona
1106671,Arizona
1106715,Colorado
1106758,Colorado
1106901,Colorado
1106919,Utah
1106948,Utah
1106982,Arizona
1107007,Colorado
1107025,Colorado
1107182,Utah
1107188,Colorado
1107219,Colorado
1107279,Arizona
1107320,Colorado
1107388,Colorado
1107498,Arizona
1107577,Arizona
1107600,Colorado
1107775,Colorado
1107793,Colorado
1107791,Arizona
1107792,Colorado
1107829,Utah
1107845,Colorado
1107852,Colorado
1107929,Colorado
1107985,Colorado
1102876,Texas
1102922,Texas
1102983,Texas
1102982,Louisiana
1103006,Mississippi
1103089,Louisiana
1103180,Oklahoma
1103241,Missouri
1103256,Texas
1103255,Louisiana
1103299,Mississippi
1103375,Louisiana
1103426,Texas
1103435,Missouri
1103438,Texas
1103515,Texas
1103524,Texas
1103540,Texas
1103539,Texas
1103595,Texas
1103641,Missouri
1103664,Texas
1103699,New Mexico
1103705,Texas
1103724,Texas
1103750,New Mexico
1103795,Texas
1103818,Texas
1103879,Texas
1103916,Texas
1103956,Oklahoma
1104037,Texas
1104052,Louisiana
1104061,Missouri
1104094,Texas
1104144,Texas
1104163,Texas
1104190,Texas
1104227,Missouri
1104278,Texas
1104290,Texas
1104301,Texas
1104320,Texas
1104337,Louisiana
1104388,Texas
1104381,Texas
1104410,Missouri
1104559,Texas
1104565,Texas
1104609,Missouri
1104614,Missouri
1104617,Texas
1104632,Louisiana
1104642,Texas
1104649,Texas
1104718,Texas
1104742,Texas
1104804,Texas
1104825,Louisiana
1104854,Louisiana
1104882,Texas
1104943,Texas
1104972,Texas
1105002,Texas
1105019,Louisiana
1105148,Texas
1105176,Texas
1105188,Texas
1105204,Texas
1105262,Louisiana
1105341,Texas
1105345,Texas
1105346,Oklahoma
1105340,Texas
1105449,Texas
1105453,Oklahoma
1105458,Texas
1105466,Texas
1105477,Texas
1105677,Texas
1105678,Missouri
1105701,Texas
1105718,Texas
1105726,Texas
1105767,New Mexico
1105770,Texas
1105778,Texas
1105792,Texas
1105790,Texas
1105828,Louisiana
1105834,Texas
1105859,Texas
1105899,Texas
1105942,Missouri
1105963,Missouri
1105976,Missouri
1106026,Texas
1106081,Texas
1106097,Texas
1106103,Missouri
1106130,Texas
1106129,Arkansas
1106136,Texas
1106160,Oklahoma
1106225,Texas
1106345,Texas
1106348,Missouri
1106347,Texas
1106369,Louisiana
1106387,Texas
1106475,Missouri
1106541,Texas
1106552,Arkansas
1106557,Texas
1106639,Texas
1106664,Texas
1106714,Texas
1106759,Oklahoma
1106779,Texas
1106816,Texas
1106826,New Mexico
1106860,Texas
1106945,Texas
1106983,Missouri
1107012,Arkansas
1107048,Texas
1107051,Oklahoma
1107094,Oklahoma
1107111,Texas
1107167,Texas
1107247,Texas
1107277,New Mexico
1107290,Louisiana
1107301,Texas
1107342,Texas
1107366,Texas
1107410,Texas
1107419,Texas
1107513,Texas
1107522,Louisiana
1107537,Texas
1107539,Louisiana
1107612,Texas
1107609,Texas
1107634,Texas
1107716,Texas
1107719,Missouri
1107764,Oklahoma
1107772,Texas
1107817,Texas
1107884,Arkansas
1107923,New Mexico
1102910,Arizona
1102911,Arizona
1103005,Arizona
1103135,Colorado
1103343,Colorado
1103401,Colorado
1103549,Colorado
1103569,Utah
1103725,Arizona
1103845,Colorado
1103940,Arizona
1104074,Arizona
1104205,Colorado
1104240,Arizona
1104831,Arizona
1104838,Arizona
1104946,Colorado
1105031,Colorado
1105032,Arizona
1105106,Colorado
1105331,Colorado
1105467,Colorado
1105782,Colorado
1105824,Colorado
1105841,Arizona
1105845,Utah
1106296,Utah
1106367,Colorado
1106490,Colorado
1106812,Arizona
1106808,Arizona
1106827,Arizona
1106875,Colorado
1106895,Utah
1106947,Arizona
1106967,Arizona
1107072,Colorado
1107090,Arizona
1107123,Colorado
1107130,Arizona
1107152,Utah
1107164,Utah
1107206,Colorado
1107425,Arizona
1107420,Arizona
1107426,Arizona
1107439,Colorado
1107531,Arizona
1107607,Colorado
1107658,Arizona
1107674,Arizona
1107673,Utah
1107778,Arizona
1107804,Colorado
1107860,Arizona
1107900,Arizona
1107964,Arizona
1102871,Nebraska
1102898,North Dakota
1103013,Nebraska
1103014,South Dakota
1103018,Nebraska
1103059,Nebraska
1103064,South Dakota
1103166,Montana
1103184,South Dakota
1103464,South Dakota
1103567,Nebraska
1103578,North Dakota
1103593,Nebraska
1103945,North Dakota
1103952,Nebraska
1104136,Montana
1104155,Nebraska
1104177,South Dakota
1104183,Nebraska
1104208,South Dakota
1104321,Nebraska
1104346,Montana
1104420,South Dakota
1104457,Montana
1104484,Montana
1104581,Nebraska
1104711,Nebraska
1104739,Nebraska
1104782,Wyoming
1104829,Montana
1105086,North Dakota
1105120,South Dakota
1105189,North Dakota
1105277,Montana
1105314,Nebraska
1105363,Nebraska
1105455,North Dakota
1105573,Nebraska
1105572,Nebraska
1105596,North Dakota
1105633,Nebraska
1105807,Montana
1105873,Nebraska
1105874,South Dakota
1106027,North Dakota
1106098,Nebraska
1106116,South Dakota
1106352,Nebraska
1106381,Nebraska
1106436,Nebraska
1106460,South Dakota
1106495,Nebraska
1106505,Nebraska
1106533,South Dakota
1106563,North Dakota
1106612,Nebraska
1106628,Nebraska
1106621,Nebraska
1106692,Wyoming
1106760,South Dakota
1106847,South Dakota
1106864,Nebraska
1106989,Montana
1107169,South Dakota
1107175,North Dakota
1107190,Nebraska
1107389,South Dakota
1107511,Nebraska
1107890,Nebraska
1107885,Nebraska
1102872,South Carolina
1102900,Alabama
1102947,Florida
1103020,Florida
1103042,Florida
1103088,Florida
1103098,Alabama
1103116,Alabama
1103139,Florida
1103147,Florida
1103216,Alabama
1103292,Georgia
1103332,Florida
1103448,Georgia
1103488,Alabama
1103676,Alabama
1103703,Alabama
1103713,Florida
1103719,Georgia
1103737,Georgia
1103776,Alabama
1103806,Florida
1103812,Alabama
1103838,South Carolina
1103849,Georgia
1103899,Florida
1103900,Alabama
1104002,Florida
1104071,Florida
1104105,South Carolina
1104133,Florida
1104137,Florida
1104167,Florida
1104223,South Carolina
1104342,Florida
1104373,Florida
1104379,Florida
1104407,Florida
1104469,Alabama
1104463,Florida
1104534,Florida
1104563,Florida
1104571,Florida
1104604,Alabama
1104842,South Carolina
1104923,Florida
1104940,Florida
1105020,Alabama
1105152,Florida
1105149,Alabama
1105156,Florida
1105190,Florida
1105265,Florida
1105268,Florida
1105278,Florida
1105352,Florida
1105367,Georgia
1105373,Georgia
1105386,South Carolina
1105421,South Carolina
1105471,Florida
1105481,Georgia
1105493,Georgia
1105488,Georgia
1105519,Florida
1105579,Georgia
1105619,Florida
1105631,Alabama
1105667,Georgia
1105752,Alabama
1105825,Georgia
1105933,Georgia
1106008,Florida
1106117,Georgia
1106268,Florida
1106298,Florida
1106306,Alabama
1106311,Georgia
1106501,South Carolina
1106509,South Carolina
1106526,Georgia
1106601,Florida
1106608,Florida
1106623,Alabama
1106640,Alabama
1106646,Georgia
1106676,Florida
1106739,Alabama
1106772,South Carolina
1106835,Georgia
1106926,Georgia
1106932,South Carolina
1107008,Florida
1107064,Florida
1107162,Florida
1107201,Florida
1107261,Georgia
1107255,Georgia
1107285,Florida
1107303,Alabama
1107311,Florida
1107327,Florida
1107427,South Carolina
1107440,Georgia
1107458,Florida
1107529,Florida
1107694,South Carolina
1107769,Georgia
1107783,Florida
1107823,Florida
1107862,Georgia
1107875,Florida
1107876,Alabama
1107961,Florida
1107968,Florida
1107973,Florida
1102880,California
1102873,California
1102936,California
1102946,Nevada
1103038,California
1103125,California
1103123,California
1103129,California
1103128,California
1103203,California
1103209,California
1103252,California
1103280,California
1103322,California
1103334,California
1103327,California
1103336,California
1103358,California
1103357,Hawaii
1103472,California
1103482,California
1103489,California
1103550,California
1103738,Nevada
1103751,Nevada
1103819,Nevada
1103831,California
1103864,California
1103964,California
1104010,California
1104036,California
1104055,Nevada
1104095,California
1104106,California
1104161,California
1104245,California
1104256,California
1104268,California
1104280,California
1104357,California
1104394,California
1104472,California
1104501,California
1104577,California
1104809,California
1104812,California
1104822,California
1104826,California
1104873,California
1104903,California
1104922,California
1104970,California
1104987,Hawaii
1105011,California
1105050,California
1105103,California
1105218,California
1105226,California
1105237,California
1105271,California
1105286,California
1105321,California
1105360,Nevada
1105381,California
1105399,California
1105433,California
1105451,California
1105551,California
1105589,California
1105603,California
1105620,California
1105634,California
1105668,California
1105693,California
1105711,California
1105758,California
1105766,California
1105788,California
1105799,California
1105818,California
1105876,California
1105883,California
1105906,California
1105930,California
1105979,California
1105977,Nevada
1105990,California
1106035,California
1106125,California
1106139,California
1106144,California
1106195,California
1106205,California
1106232,California
1106233,California
1106230,California
1106242,California
1106326,California
1106343,Nevada
1106388,Nevada
1106417,California
1106421,Nevada
1106470,California
1106548,California
1106575,California
1106618,Nevada
1106645,California
1106655,Nevada
1106735,California
1106806,California
1106830,California
1106855,California
1106854,Nevada
1106930,California
1106935,California
1107001,California
1107004,California
1107037,California
1107053,California
1107081,California
1107095,California
1107118,California
1107124,California
1107148,California
1107231,California
1107249,California
1107274,California
1107288,California
1107384,California
1107556,California
1107627,California
1107636,California
1107675,California
1107706,California
1107746,California
1107830,Nevada
1107843,California
1107939,California
1102885,California
1102901,California
1102908,California
1102979,California
1102986,California
1103021,California
1103015,California
1103029,California
1103050,California
1103095,California
1103231,California
1103250,California
1103307,California
1103333,California
1103337,Hawaii
1103351,California
1103372,California
1103449,California
1103514,California
1103558,Hawaii
1103572,California
1103648,California
1103697,California
1103748,California
1103783,California
1103830,California
1103852,California
1103898,Nevada
1103908,California
1103932,California
1104020,California
1104021,California
1104033,California
1104085,California
1104084,Hawaii
1104080,California
1104116,California
1104159,California
1104194,California
1104257,California
1104316,California
1104340,California
1104369,California
1104414,California
1104422,California
1104453,California
1104508,California
1104509,California
1104554,California
1104712,California
1104728,California
1104907,Nevada
1104956,California
1105008,California
1105024,California
1105058,California
1105063,California
1105117,California
1105130,California
1105166,California
1105232,California
1105233,California
1105238,California
1105309,California
1105308,California
1105400,California
1105480,California
1105479,California
1105485,California
1105513,Nevada
1105552,California
1105608,California
1105657,California
1105684,California
1105753,California
1105794,California
1105836,California
1105960,California
1106040,California
1106045,California
1106114,California
1106226,California
1106248,Nevada
1106254,California
1106259,California
1106275,California
1106341,California
1106356,California
1106389,Hawaii
1106428,California
1106462,California
1106564,California
1106576,California
1106588,California
1106587,California
1106603,Nevada
1106691,Nevada
1106710,California
1106726,California
1106725,California
1106729,California
1106773,California
1106783,California
1106813,California
1106809,California
1106865,California
1106879,California
1106893,California
1106897,California
1107002,California
1107035,California
1107112,Nevada
1107121,California
1107125,California
1107189,California
1107214,California
1107345,California
1107406,California
1107428,California
1107433,California
1107451,California
1107474,Nevada
1107509,California
1107540,Nevada
1107598,California
1107637,California
1107696,Nevada
1107695,California
1107747,California
1107748,California
1107866,California
1107895,California
1107969,California
1107997,California
1102894,Indiana
1102943,Michigan
1103036,Michigan
1103052,Illinois
1103061,Indiana
1103105,Indiana
1103109,Ohio
1103148,Kansas
1103149,Iowa
1103167,Michigan
1103227,Minnesota
1103291,Ohio
1103285,Ohio
1103369,Minnesota
1103398,Michigan
1103414,Wisconsin
1103436,Indiana
1103444,Illinois
1103465,Indiana
1103506,Minnesota
1103596,Illinois
1103612,Ohio
1103629,Illinois
1103637,Illinois
1103650,Michigan
1103675,Michigan
1103677,Kansas
1103712,Kansas
1103716,Minnesota
1103784,Illinois
1103839,Indiana
1103870,Kansas
1103880,Kansas
1103887,Illinois
1103933,Illinois
1103969,Illinois
1103968,Illinois
1103975,Iowa
1104000,Michigan
1104078,Iowa
1104117,Kansas
1104140,Indiana
1104204,Iowa
1104249,Ohio
1104311,Wisconsin
1104365,Kansas
1104405,Illinois
1104423,Ohio
1104436,Ohio
1104475,Indiana
1104473,Minnesota
1104480,Illinois
1104492,Iowa
1104557,Illinois
1104588,Illinois
1104589,Michigan
1104695,Wisconsin
1104743,Michigan
1104766,Ohio
1104824,Michigan
1104847,Iowa
1104862,Illinois
1105015,Ohio
1105023,Indiana
1105131,Kansas
1105143,Ohio
1105170,Indiana
1105194,Michigan
1105216,Ohio
1105227,Illinois
1105234,Wisconsin
1105380,Indiana
1105434,Illinois
1105432,Indiana
1105446,Michigan
1105514,Minnesota
1105516,Illinois
1105574,Michigan
1105604,Indiana
1105644,Kansas
1105658,Kansas
1105760,Wisconsin
1105837,Illinois
1105920,Illinois
1105929,Michigan
1105952,Illinois
1106105,Illinois
1106138,Ohio
1106163,Illinois
1106213,Illinois
1106224,Indiana
1106412,Michigan
1106453,Iowa
1106512,Indiana
1106558,Illinois
1106577,Illinois
1106613,Kansas
1106641,Indiana
1106678,Minnesota
1106769,Iowa
1106805,Kansas
1106822,Ohio
1106848,Kansas
1106892,Illinois
1107063,Minnesota
1107131,Iowa
1107160,Indiana
1107180,Kansas
1107232,Indiana
1107256,Illinois
1107262,Michigan
1107304,Ohio
1107330,Indiana
1107378,Michigan
1107414,Illinois
1107424,Iowa
1107435,Illinois
1107462,Indiana
1107510,Ohio
1107523,Illinois
1107569,Minnesota
1107722,Illinois
1107756,Kansas
1107784,Illinois
1107794,Iowa
1107821,Minnesota
1107892,Wisconsin
1107893,Indiana
1107905,Michigan
1107922,Ohio
1107979,Indiana
1108000,Kansas
1102933,Virginia
1103026,West Virginia
1103033,Virginia
1103065,Virginia
1103186,North Carolina
1103323,District of Columbia
1103419,Virginia
1103455,Kentucky
1103496,Virginia
1103601,Tennessee
1103619,Virginia
1103620,Maryland
1103630,North Carolina
1103651,District of Columbia
1103656,Kentucky
1103689,North Carolina
1103740,Kentucky
1103907,Tennessee
1103903,West Virginia
1103976,North Carolina
1104014,Virginia
1104012,Tennessee
1104086,Virginia
1104102,Maryland
1104110,Tennessee
1104147,Virginia
1104304,Maryland
1104333,Maryland
1104396,North Carolina
1104391,Tennessee
1104416,District of Columbia
1104415,North Carolina
1104424,District of Columbia
1104456,Virginia
1104485,Tennessee
1104567,West Virginia
1104574,Kentucky
1104622,District of Columbia
1104636,Tennessee
1104641,Virginia
1104705,Tennessee
1104722,North Carolina
1104874,Virginia
1104898,Virginia
1104929,West Virginia
1105000,Virginia
1105054,West Virginia
1105071,Virginia
1105072,North Carolina
1105114,District of Columbia
1105109,Maryland
1105157,Virginia
1105165,Virginia
1105167,Virginia
1105280,District of Columbia
1105322,District of Columbia
1105337,North Carolina
1105448,Virginia
1105474,Kentucky
1105525,Maryland
1105547,North Carolina
1105562,Virginia
1105581,West Virginia
1105710,West Virginia
1105730,Virginia
1105762,Tennessee
1105791,West Virginia
1105800,Tennessee
1105842,District of Columbia
1105847,District of Columbia
1105903,Delaware
1105908,Virginia
1105937,Virginia
1106043,Virginia
1106055,Kentucky
1106133,Maryland
1106131,North Carolina
1106140,Virginia
1106184,Virginia
1106207,Virginia
1106223,Virginia
1106218,District of Columbia
1106327,North Carolina
1106399,District of Columbia
1106410,Virginia
1106418,Virginia
1106429,District of Columbia
1106437,District of Columbia
1106454,North Carolina
1106535,Virginia
1106559,Virginia
1106571,District of Columbia
1106700,Virginia
1106730,District of Columbia
1106765,Kentucky
1106867,West Virginia
1106878,North Carolina
1106898,Virginia
1106955,Kentucky
1106961,Kentucky
1106960,Virginia
1106993,Virginia
1107009,Tennessee
1107024,North Carolina
1107096,District of Columbia
1107105,Virginia
1107134,Kentucky
1107153,West Virginia
1107200,Virginia
1107196,Tennessee
1107207,District of Columbia
1107362,Virginia
1107358,District of Columbia
1107359,Virginia
1107375,Kentucky
1107381,Kentucky
1107407,Maryland
1107468,Delaware
1107488,Tennessee
1107520,North Carolina
1107542,Virginia
1107541,Virginia
1107725,District of Columbia
1107882,Maryland
1107903,Kentucky
1102924,Texas
1103034,Texas
1103066,Texas
1103094,Texas
1103121,Texas
1103168,Texas
1103218,Oklahoma
1103237,Texas
1103276,Mississippi
1103279,Texas
1103352,Texas
1103362,Missouri
1103363,Louisiana
1103359,Texas
1103374,Texas
1103383,Texas
1103387,Texas
1103391,Missouri
1103404,Texas
1103405,Texas
1103490,Texas
1103507,Texas
1103520,Texas
1103531,Texas
1103541,New Mexico
1103589,Missouri
1103640,Missouri
1103666,Texas
1103681,Arkansas
1103674,Texas
1103683,Texas
1103690,Texas
1103696,Louisiana
1103754,Texas
1103825,Texas
1103836,Missouri
1103832,Texas
1103953,Texas
1103997,New Mexico
1104027,Texas
1104038,Missouri
1104101,New Mexico
1104149,Texas
1104148,Missouri
1104156,Texas
1104174,Louisiana
1104185,Texas
1104202,Missouri
1104216,Texas
1104232,Missouri
1104285,Texas
1104312,Texas
1104343,Mississippi
1104370,Texas
1104408,Texas
1104443,Texas
1104437,New Mexico
1104486,Texas
1104495,Oklahoma
1104513,Louisiana
1104511,Texas
1104584,Texas
1104592,Texas
1104679,Texas
1104750,Texas
1104756,Texas
1104799,Texas
1104805,Texas
1104938,New Mexico
1104986,Texas
1105037,Texas
1105074,Texas
1105075,Texas
1105082,Missouri
1105087,Texas
1105093,Arkansas
1105129,Texas
1105135,Oklahoma
1105147,Louisiana
1105182,Texas
1105417,Texas
1105499,Missouri
1105524,Texas
1105553,Texas
1105605,Texas
1105679,Texas
1105793,Texas
1105802,Louisiana
1105846,Texas
1105872,Texas
1105907,Texas
1105965,Texas
1105996,Oklahoma
1106060,Texas
1106085,Texas
1106170,Louisiana
1106276,Louisiana
1106307,Texas
1106357,Missouri
1106413,Texas
1106432,Texas
1106442,Louisiana
1106455,Texas
1106476,Arkansas
1106549,New Mexico
1106568,Oklahoma
1106635,Texas
1106629,Texas
1106736,Louisiana
1106749,Oklahoma
1106766,Texas
1106796,Missouri
1106802,Oklahoma
1106833,Texas
1106831,Oklahoma
1106868,New Mexico
1106889,Oklahoma
1106910,Texas
1106936,Texas
1106984,Texas
1107005,Texas
1107018,Texas
1107015,Mississippi
1107040,Texas
1107088,Texas
1107137,Texas
1107184,New Mexico
1107199,Missouri
1107209,Louisiana
1107284,Texas
1107312,Texas
1107310,Oklahoma
1107326,Missouri
1107331,New Mexico
1107337,Louisiana
1107346,Oklahoma
1107379,Texas
1107376,Texas
1107408,Arkansas
1107421,Texas
1107429,Missouri
1107434,Missouri
1107444,Texas
1107449,Oklahoma
1107485,Arkansas
1107484,Arkansas
1107482,Louisiana
1107507,Texas
1107543,Texas
1107571,Texas
1107633,Oklahoma
1107667,Texas
1107697,Texas
1107704,Texas
1107713,Texas
1107927,Texas
1107955,Louisiana
1107975,Texas
1107996,Texas
1107993,Texas
1102906,Florida
1102931,Alabama
1103074,Alabama
1103212,Florida
1103296,Alabama
1103439,Florida
1103447,Florida
1103577,Georgia
1103734,Alabama
1103739,Alabama
1103856,Florida
1103909,Florida
1103917,South Carolina
1103989,Florida
1103998,Georgia
1104006,Georgia
1104031,Georgia
1104044,Florida
1104103,Georgia
1104118,Florida
1104282,Florida
1104334,Florida
1104401,Georgia
1104519,Alabama
1104585,Alabama
1104688,Florida
1104814,Florida
1104818,Alabama
1104827,Florida
1104875,Georgia
1104877,Florida
1104914,Florida
1104990,Florida
1105059,Florida
1105069,Florida
1105177,Florida
1105310,Florida
1105445,Georgia
1105459,Georgia
1105527,Florida
1105582,Florida
1105712,Georgia
1105733,Florida
1105803,Georgia
1105843,Florida
1105881,Florida
1105894,Georgia
1105915,Florida
1106003,Florida
1106050,South Carolina
1106083,Georgia
1106132,South Carolina
1106168,Florida
1106332,Alabama
1106522,Florida
1106527,Florida
1106752,Georgia
1106810,Florida
1106937,Florida
1106974,Florida
1106985,Alabama
1107016,Alabama
1107070,Georgia
1107092,Florida
1107139,Florida
1107185,Florida
1107202,Florida
1107237,Alabama
1107295,Alabama
1107350,Alabama
1107547,Alabama
1107544,South Carolina
1107581,Georgia
1107646,Georgia
1107753,Alabama
1107768,Georgia
1107773,Georgia
1107807,Georgia
1107857,Georgia
1107928,Florida
1102909,Indiana
1102912,Kansas
1102987,Iowa
1103004,Indiana
1102997,Ohio
1103007,Indiana
1103041,Illinois
1103054,Indiana
1103117,Kansas
1103130,Illinois
1103169,Illinois
1103177,Iowa
1103221,Indiana
1103219,Ohio
1103225,Minnesota
1103267,Ohio
1103293,Indiana
1103370,Minnesota
1103385,Illinois
1103409,Wisconsin
1103481,Illinois
1103545,Illinois
1103568,Ohio
1103657,Kansas
1103706,Ohio
1103726,Minnesota
1103741,Ohio
1103756,Wisconsin
1103766,Ohio
1103774,Illinois
1103785,Michigan
1103874,Indiana
1103881,Illinois
1103911,Illinois
1103947,Illinois
1103965,Kansas
1104045,Kansas
1104218,Iowa
1104246,Illinois
1104263,Ohio
1104307,Minnesota
1104362,Illinois
1104386,Illinois
1104502,Indiana
1104505,Indiana
1104522,Wisconsin
1104551,Iowa
1104639,Illinois
1104651,Wisconsin
1104680,Wisconsin
1104689,Ohio
1104707,Iowa
1104794,Indiana
1104843,Wisconsin
1104868,Ohio
1104933,Wisconsin
1104937,Michigan
1104991,Illinois
1105026,Illinois
1105043,Ohio
1105083,Michigan
1105160,Indiana
1105275,Ohio
1105284,Minnesota
1105315,Illinois
1105338,Illinois
1105351,Illinois
1105362,Minnesota
1105414,Ohio
1105427,Indiana
1105478,Indiana
1105597,Ohio
1105618,Illinois
1105617,Illinois
1105630,Ohio
1105694,Ohio
1105713,Ohio
1105751,Ohio
1105763,Iowa
1105809,Kansas
1105810,Indiana
1105815,Ohio
1105864,Ohio
1105877,Indiana
1105897,Michigan
1105957,Iowa
1105973,Indiana
1106100,Michigan
1106152,Illinois
1106211,Illinois
1106227,Indiana
1106243,Indiana
1106271,Minnesota
1106277,Ohio
1106292,Minnesota
1106308,Illinois
1106328,Illinois
1106370,Ohio
1106397,Indiana
1106461,Iowa
1106463,Illinois
1106477,Illinois
1106483,Illinois
1106497,Indiana
1106604,Wisconsin
1106614,Kansas
1106622,Illinois
1106681,Indiana
1106722,Indiana
1106787,Indiana
1106874,Kansas
1106885,Ohio
1106881,Illinois
1106890,Illinois
1106952,Indiana
1106980,Kansas
1107011,Illinois
1107039,Ohio
1107047,Indiana
1107073,Illinois
1107097,Ohio
1107115,Iowa
1107147,Illinois
1107203,Ohio
1107305,Wisconsin
1107324,Michigan
1107335,Indiana
1107382,Ohio
1107397,Minnesota
1107416,Minnesota
1107459,Minnesota
1107475,Ohio
1107499,Minnesota
1107560,Minnesota
1107586,Ohio
1107601,Ohio
1107689,Indiana
1107688,Illinois
1107777,Kansas
1107795,Michigan
1107820,Kansas
1107826,Ohio
1107824,Ohio
1107858,Illinois
1107868,Wisconsin
1107958,Indiana
1107989,Wisconsin
1107999,Iowa
1102915,Michigan
1102925,Ohio
1102929,Illinois
1102944,Ohio
1102961,Ohio
1102991,Indiana
1103002,Ohio
1102998,Iowa
1103058,Indiana
1103075,Iowa
1103107,Ohio
1103110,Illinois
1103137,Wisconsin
1103151,Illinois
1103150,Ohio
1103190,Indiana
1103234,Indiana
1103251,Illinois
1103320,Iowa
1103321,Indiana
1103329,Ohio
1103420,Indiana
1103429,Iowa
1103441,Illinois
1103440,Minnesota
1103466,Kansas
1103491,Minnesota
1103570,Iowa
1103638,Iowa
1103652,Michigan
1103658,Illinois
1103687,Michigan
1103684,Minnesota
1103742,Kansas
1103772,Minnesota
1103770,Ohio
1103778,Minnesota
1103788,Indiana
1103835,Ohio
1103842,Kansas
1103857,Minnesota
1103865,Minnesota
1103871,Illinois
1103894,Wisconsin
1103904,Kansas
1103959,Minnesota
1103972,Iowa
1103979,Wisconsin
1104022,Illinois
1104048,Illinois
1104065,Iowa
1104151,Indiana
1104187,Illinois
1104237,Iowa
1104297,Minnesota
1104327,Iowa
1104351,Minnesota
1104355,Kansas
1104385,Minnesota
1104427,Ohio
1104481,Ohio
1104547,Kansas
1104544,Minnesota
1104562,Wisconsin
1104645,Michigan
1104654,Kansas
1104691,Ohio
1104720,Wisconsin
1104769,Wisconsin
1104790,Minnesota
1104845,Iowa
1104978,Kansas
1104992,Ohio
1105025,Wisconsin
1105039,Minnesota
1105041,Ohio
1105051,Iowa
1105121,Illinois
1105122,Michigan
1105150,Michigan
1105153,Iowa
1105281,Illinois
1105295,Wisconsin
1105311,Indiana
1105316,Michigan
1105325,Michigan
1105348,Ohio
1105364,Kansas
1105382,Minnesota
1105407,Kansas
1105406,Indiana
1105425,Ohio
1105438,Ohio
1105482,Illinois
1105509,Ohio
1105533,Ohio
1105565,Wisconsin
1105563,Ohio
1105569,Illinois
1105577,Michigan
1105595,Michigan
1105614,Ohio
1105741,Kansas
1105764,Ohio
1105785,Kansas
1105889,Illinois
1105898,Ohio
1105921,Wisconsin
1105935,Michigan
1106052,Michigan
1106092,Indiana
1106109,Indiana
1106107,Minnesota
1106118,Indiana
1106159,Michigan
1106255,Ohio
1106360,Wisconsin
1106390,Ohio
1106409,Ohio
1106420,Indiana
1106447,Minnesota
1106471,Indiana
1106492,Michigan
1106498,Iowa
1106517,Illinois
1106523,Minnesota
1106553,Michigan
1106560,Minnesota
1106599,Indiana
1106602,Ohio
1106630,Ohio
1106642,Minnesota
1106647,Iowa
1106682,Indiana
1106737,Minnesota
1106770,Illinois
1106775,Wisconsin
1106774,Ohio
1106776,Minnesota
1106785,Illinois
1106803,Minnesota
1106850,Indiana
1106894,Illinois
1106954,Indiana
1106965,Iowa
1106998,Wisconsin
1107042,Minnesota
1107056,Illinois
1107083,Wisconsin
1107079,Ohio
1107074,Ohio
1107089,Michigan
1107098,Illinois
1107221,Indiana
1107242,Michigan
1107258,Indiana
1107257,Illinois
1107325,Ohio
1107361,Iowa
1107363,Minnesota
1107391,Minnesota
1107385,Michigan
1107398,Michigan
1107409,Ohio
1107504,Wisconsin
1107521,Ohio
1107557,Minnesota
1107616,Wisconsin
1107628,Ohio
1107632,Illinois
1107647,Wisconsin
1107700,Minnesota
1107724,Michigan
1107767,Ohio
1107801,Michigan
1107812,Iowa
1107834,Minnesota
1107831,Minnesota
1107863,Indiana
1107879,Illinois
1107948,Ohio
1107965,Illinois
1107974,Kansas
1103003,Arizona
1103068,Arizona
1103082,Colorado
1103207,Arizona
1103199,Arizona
1103210,Arizona
1103271,Arizona
1103315,Colorado
1103325,Arizona
1103335,Utah
1103561,Arizona
1103590,Arizona
1103623,Arizona
1103928,Arizona
1103957,Utah
1104127,Arizona
1104168,Colorado
1104203,Colorado
1104226,Colorado
1104276,Colorado
1104295,Colorado
1104377,Colorado
1104406,Colorado
1104425,Arizona
1104596,Colorado
1104610,Arizona
1104681,Utah
1104701,Arizona
1104708,Colorado
1104947,Colorado
1105003,Arizona
1105123,Colorado
1105253,Colorado
1105342,Colorado
1105388,Colorado
1105500,Utah
1105570,Arizona
1105616,Colorado
1105699,Arizona
1105776,Arizona
1105814,Colorado
1105904,Colorado
1106030,Colorado
1106061,Arizona
1106067,Arizona
1106088,Utah
1106202,Arizona
1106449,Arizona
1106593,Colorado
1106705,Arizona
1106824,Colorado
1106962,Colorado
1107138,Utah
1107197,Colorado
1107377,Arizona
1107470,Utah
1107505,Arizona
1107624,Colorado
1107935,Colorado
1107940,Arizona
1102902,California
1102999,California
1103032,California
1103045,California
1103067,California
1103185,California
1103254,California
1103294,California
1103353,California
1103360,California
1103395,California
1103501,California
1103516,California
1103563,California
1103585,California
1103639,Nevada
1103693,California
1103730,California
1103752,California
1103767,Nevada
1103905,California
1103930,California
1103929,California
1103941,California
1103935,California
1104112,California
1104349,California
1104378,California
1104426,Nevada
1104433,California
1104488,California
1104560,California
1104634,California
1104658,Nevada
1104723,Nevada
1104731,California
1104795,California
1104853,California
1104876,California
1104887,California
1104941,California
1104950,Nevada
1104948,California
1104957,California
1104974,California
1104998,California
1105052,California
1105214,California
1105222,California
1105266,California
1105263,California
1105272,California
1105296,California
1105326,California
1105384,California
1105387,California
1105426,California
1105486,California
1105526,California
1105532,California
1105625,Nevada
1105628,Nevada
1105643,California
1105706,California
1105723,California
1105777,California
1105784,California
1105835,California
1105865,California
1105887,California
1105891,California
1105922,California
1105949,California
1105945,California
1105966,California
1105972,Nevada
1106013,California
1106017,California
1106032,California
1106033,California
1106086,Nevada
1106145,California
1106171,California
1106181,California
1106228,California
1106238,California
1106269,California
1106303,California
1106299,Nevada
1106340,California
1106344,California
1106382,California
1106502,California
1106506,California
1106528,California
1106534,California
1106633,Nevada
1106644,California
1106668,California
1106784,California
1106913,California
1106975,California
1107020,California
1107044,California
1107049,California
1107136,California
1107210,Nevada
1107215,Nevada
1107250,California
1107329,California
1107347,California
1107441,California
1107450,California
1107489,California
1107574,California
1107578,California
1107641,California
1107785,California
1107949,California
1107982,California
1102883,California
1102923,California
1102973,California
1103008,California
1103158,Hawaii
1103179,California
1103248,California
1103295,California
1103330,California
1103377,Hawaii
1103410,California
1103421,California
1103443,California
1103451,California
1103480,California
1103546,California
1103775,California
1103801,California
1103882,California
1103938,California
1104016,California
1104034,California
1104123,California
1104158,California
1104191,California
1104224,California
1104241,California
1104242,California
1104254,Nevada
1104293,California
1104344,California
1104417,California
1104445,California
1104489,California
1104499,California
1104566,California
1104572,California
1104653,California
1104665,California
1104819,California
1104863,California
1104900,California
1104915,California
1104924,California
1104996,California
1105107,California
1105116,California
1105136,Nevada
1105257,California
1105292,California
1105319,California
1105422,Nevada
1105469,California
1105506,California
1105508,California
1105602,California
1105669,California
1105687,Nevada
1105731,California
1105735,California
1105857,California
1106009,California
1106079,California
1106247,California
1106256,Nevada
1106263,California
1106297,California
1106339,California
1106401,California
1106456,California
1106482,California
1106578,California
1106594,California
1106738,California
1106780,California
1106792,California
1106791,California
1106858,California
1106902,California
1106899,California
1106911,California
1106928,California
1106927,California
1106941,California
1107027,California
1107140,California
1107159,California
1107227,California
1107313,Hawaii
1107372,Nevada
1107383,California
1107387,California
1107386,California
1107403,California
1107422,California
1107490,California
1107546,California
1107564,California
1107562,California
1107572,California
1107655,California
1107708,California
1107730,California
1107828,Nevada
1107878,California
1107908,California
1107962,California
1102893,West Virginia
1102889,Tennessee
1102962,Maryland
1103069,District of Columbia
1103093,District of Columbia
1103122,Tennessee
1103131,District of Columbia
1103191,Virginia
1103192,Virginia
1103242,District of Columbia
1103356,Delaware
1103467,District of Columbia
1103497,Virginia
1103517,Maryland
1103521,Virginia
1103547,Tennessee
1103602,West Virginia
1103761,Virginia
1104056,District of Columbia
1104081,District of Columbia
1104087,Virginia
1104139,Virginia
1104209,West Virginia
1104309,Virginia
1104325,Virginia
1104398,West Virginia
1104403,District of Columbia
1104431,Virginia
1104535,Delaware
1104569,Delaware
1104663,Virginia
1104682,Virginia
1104687,District of Columbia
1104692,North Carolina
1104729,Kentucky
1104765,Kentucky
1104808,District of Columbia
1104904,Kentucky
1104908,Maryland
1105056,North Carolina
1105085,District of Columbia
1105151,Kentucky
1105228,Tennessee
1105301,North Carolina
1105415,Tennessee
1105428,Virginia
1105443,Kentucky
1105439,North Carolina
1105456,North Carolina
1105702,Delaware
1105742,Maryland
1105771,West Virginia
1105774,District of Columbia
1105816,Virginia
1105839,Virginia
1105878,Virginia
1105885,Delaware
1105895,District of Columbia
1105900,Kentucky
1105975,North Carolina
1106018,North Carolina
1106024,District of Columbia
1106053,Virginia
1106087,Tennessee
1106119,District of Columbia
1106122,District of Columbia
1106229,North Carolina
1106289,Virginia
1106371,Tennessee
1106376,Virginia
1106372,North Carolina
1106450,North Carolina
1106478,District of Columbia
1106579,Virginia
1106598,District of Columbia
1106648,Virginia
1106818,Tennessee
1106853,Tennessee
1107045,Delaware
1107085,District of Columbia
1107113,Virginia
1107114,Delaware
1107119,Maryland
1107168,Tennessee
1107179,Maryland
1107225,Tennessee
1107235,Kentucky
1107355,Maryland
1107404,Virginia
1107460,North Carolina
1107491,North Carolina
1107515,Kentucky
1107514,North Carolina
1107545,Kentucky
1107579,District of Columbia
1107588,Tennessee
1107597,District of Columbia
1107625,District of Columbia
1107638,Tennessee
1107650,Virginia
1107648,Tennessee
1107835,Virginia
1107864,North Carolina
1107924,Virginia
1107952,District of Columbia
1102945,Georgia
1102968,South Carolina
1103140,Georgia
1103156,South Carolina
1103211,Alabama
1103243,Florida
1103262,Florida
1103331,Florida
1103345,South Carolina
1103422,Florida
1103452,Florida
1103543,Georgia
1103551,Georgia
1103574,Georgia
1103582,Florida
1103594,Florida
1103603,Florida
1103622,Georgia
1103757,Florida
1103762,Alabama
1103843,Florida
1103895,Georgia
1103980,Georgia
1103990,Florida
1104011,Alabama
1104042,Florida
1104058,Alabama
1104079,Florida
1104111,Georgia
1104128,Florida
1104169,Alabama
1104222,Florida
1104233,Florida
1104247,Georgia
1104364,Florida
1104411,Florida
1104517,Georgia
1104573,Florida
1104646,Florida
1104694,Florida
1104719,Florida
1104724,Georgia
1104735,Florida
1104757,Florida
1104770,Florida
1104969,Florida
1105045,Florida
1105158,Georgia
1105225,Alabama
1105223,Florida
1105242,Alabama
1105264,Georgia
1105283,Alabama
1105287,Florida
1105349,Alabama
1105520,Georgia
1105538,Alabama
1105556,Florida
1105590,Florida
1105624,South Carolina
1105629,Alabama
1105674,Georgia
1105890,Florida
1105984,Florida
1106020,South Carolina
1106019,Alabama
1106062,Georgia
1106077,Florida
1106123,Georgia
1106147,Alabama
1106199,Florida
1106265,Florida
1106350,Georgia
1106364,Florida
1106379,Florida
1106545,Alabama
1106658,Georgia
1106696,Georgia
1106724,Florida
1106793,Georgia
1106861,Georgia
1106891,South Carolina
1106929,Georgia
1106934,Florida
1106943,Georgia
1106940,Florida
1106990,Georgia
1107019,Florida
1107050,Florida
1107100,Florida
1107122,Georgia
1107129,Alabama
1107155,Florida
1107204,Florida
1107275,Georgia
1107281,Alabama
1107423,Florida
1107438,Georgia
1107518,Florida
1107555,Georgia
1107604,Alabama
1107677,South Carolina
1107761,Georgia
1107780,Florida
1107786,South Carolina
1107798,Georgia
1107920,Georgia
1107925,Georgia
1103208,Arizona
1103235,Arizona
1103260,Arizona
1103328,Arizona
1103364,Arizona
1103518,Colorado
1103579,Arizona
1103628,Colorado
1103701,Colorado
1103809,Arizona
1103978,Colorado
1103991,Utah
1104053,Colorado
1104197,Arizona
1104275,Utah
1104721,Colorado
1104783,Colorado
1105137,Arizona
1105138,Utah
1105210,Arizona
1105254,Colorado
1105494,Utah
1105545,Colorado
1105564,Colorado
1105650,Arizona
1105695,Utah
1105798,Colorado
1105923,Arizona
1106090,Arizona
1106164,Arizona
1106177,Colorado
1106291,Arizona
1106580,Colorado
1106823,Arizona
1106866,Colorado
1106882,Colorado
1107191,Colorado
1107461,Colorado
1107582,Arizona
1107665,Colorado
1107739,Utah
1107994,Colorado
1102874,Texas
1102875,Louisiana
1102903,Arkansas
1102917,Texas
1102954,Texas
1102970,Louisiana
1102994,Texas
1103009,Texas
1103055,Louisiana
1103099,Missouri
1103138,Louisiana
1103200,New Mexico
1103247,Texas
1103268,Missouri
1103272,Oklahoma
1103311,Texas
1103378,Texas
1103382,Texas
1103445,Louisiana
1103473,Texas
1103525,Texas
1103542,Texas
1103604,New Mexico
1103611,Texas
1103646,Texas
1103649,Louisiana
1103665,Missouri
1103667,Texas
1103708,Missouri
1103727,Texas
1103731,Texas
1103763,Texas
1103796,Texas
1103802,Arkansas
1103816,Texas
1103851,Texas
1103872,Texas
1103942,Louisiana
1103937,Oklahoma
1104008,Texas
1104023,Texas
1104089,Texas
1104119,Texas
1104178,Oklahoma
1104180,Louisiana
1104211,Texas
1104267,Texas
1104303,Texas
1104322,Arkansas
1104326,Louisiana
1104361,Texas
1104372,Texas
1104392,Texas
1104434,Texas
1104450,Missouri
1104476,Texas
1104512,Texas
1104536,Texas
1104591,Missouri
1104630,Texas
1104655,Missouri
1104685,Louisiana
1104698,Texas
1104744,Mississippi
1104763,Texas
1104776,Texas
1104796,Texas
1104816,Texas
1104823,Oklahoma
1104832,Oklahoma
1104844,Arkansas
1104855,Texas
1104859,Texas
1104867,New Mexico
1104869,Missouri
1104913,Texas
1104916,Texas
1104930,Texas
1104961,Texas
1104958,Missouri
1104971,Texas
1105013,Arkansas
1105066,Louisiana
1105077,Oklahoma
1105076,Louisiana
1105090,Louisiana
1105089,Texas
1105112,Missouri
1105145,Oklahoma
1105183,Mississippi
1105224,Missouri
1105269,Texas
1105312,Texas
1105317,Louisiana
1105330,Missouri
1105353,Texas
1105358,Oklahoma
1105374,Missouri
1105397,Louisiana
1105408,Missouri
1105444,Texas
1105460,Texas
1105461,Texas
1105468,Missouri
1105490,Missouri
1105510,Louisiana
1105585,Texas
1105594,Texas
1105651,New Mexico
1105661,Texas
1105670,Oklahoma
1105696,Missouri
1105714,Texas
1105725,Arkansas
1105812,Oklahoma
1105866,Texas
1105879,Texas
1105884,Texas
1105901,Texas
1105934,Mississippi
1105947,Texas
1105953,Arkansas
1105964,Texas
1105969,Louisiana
1105988,Texas
1106025,Texas
1106054,Texas
1106134,Louisiana
1106178,Texas
1106244,Texas
1106300,Texas
1106309,Texas
1106329,Missouri
1106366,Oklahoma
1106380,Texas
1106414,Texas
1106408,Texas
1106480,Oklahoma
1106493,Texas
1106513,Arkansas
1106562,Texas
1106596,Missouri
1106595,Texas
1106605,Louisiana
1106626,Louisiana
1106649,Mississippi
1106659,Texas
1106669,Texas
1106679,Texas
1106781,Texas
1106851,Texas
1106859,Texas
1106883,Texas
1106916,Texas
1106920,Louisiana
1107041,Texas
1107057,Texas
1107075,Louisiana
1107086,Texas
1107161,Louisiana
1107186,Oklahoma
1107245,Texas
1107263,Texas
1107283,Texas
1107300,Arkansas
1107526,Mississippi
1107580,Texas
1107620,Texas
1107676,Texas
1107757,Louisiana
1107765,Oklahoma
1107766,Texas
1107827,Texas
1107854,Texas
1107941,Missouri
1107970,Texas
1102891,Florida
1102890,Florida
1102905,Florida
1102927,Florida
1102934,Florida
1102939,Alabama
1102958,Alabama
1103016,Florida
1103048,Florida
1103049,Florida
1103081,Florida
1103141,Florida
1103224,Florida
1103232,Florida
1103300,Florida
1103316,Florida
1103354,Florida
1103371,Florida
1103386,Georgia
1103390,Florida
1103411,Alabama
1103423,Georgia
1103430,Florida
1103446,Alabama
1103468,Florida
1103508,Florida
1103673,Florida
1103685,Florida
1103691,Florida
1103793,Florida
1103813,Alabama
1103858,Florida
1103924,Florida
1103923,Florida
1103960,Florida
1103958,Florida
1103967,Georgia
1103999,Florida
1104015,Florida
1104040,Florida
1104039,Georgia
1104072,Florida
1104131,Florida
1104170,South Carolina
1104186,Florida
1104207,Florida
1104206,Florida
1104243,Florida
1104283,Florida
1104292,Georgia
1104313,Florida
1104336,Alabama
1104432,Florida
1104482,Florida
1104532,Alabama
1104529,Alabama
1104597,Florida
1104598,Florida
1104647,Florida
1104672,Florida
1104699,Florida
1104748,Florida
1104771,Florida
1104820,Alabama
1104851,Florida
1104864,Florida
1104888,Florida
1104885,Alabama
1104918,Georgia
1104917,Florida
1104919,Florida
1104960,Florida
1104988,Florida
1104995,Alabama
1104993,Florida
1105084,Georgia
1105091,Florida
1105132,Florida
1105173,Georgia
1105231,Florida
1105239,Georgia
1105276,Florida
1105288,Florida
1105354,Florida
1105416,Alabama
1105429,Georgia
1105462,Florida
1105566,Florida
1105598,Alabama
1105607,Georgia
1105627,Florida
1105662,Florida
1105676,Florida
1105680,Georgia
1105685,Florida
1105715,Florida
1105722,Georgia
1105754,Georgia
1105765,Florida
1105811,Florida
1105822,Florida
1105831,Florida
1105970,Florida
1106010,Florida
1106031,Florida
1106146,Florida
1106153,Florida
1106165,Alabama
1106221,Florida
1106236,Florida
1106239,Alabama
1106260,Georgia
1106284,Florida
1106322,Florida
1106362,Florida
1106365,Alabama
1106392,Alabama
1106457,Georgia
1106484,Alabama
1106539,Alabama
1106607,Florida
1106617,Georgia
1106677,Georgia
1106708,Florida
1106719,Florida
1106745,Florida
1106828,Georgia
1106844,Georgia
1107013,Alabama
1107026,Florida
1107046,Florida
1107076,Alabama
1107264,Florida
1107367,Alabama
1107365,Georgia
1107417,Georgia
1107464,Georgia
1107639,Alabama
1107664,Florida
1107663,Georgia
1107709,Florida
1107705,Florida
1107712,Florida
1107749,Florida
1107758,Florida
1107822,Florida
1107836,Florida
1107865,Florida
1107909,Florida
1107950,Alabama
1107980,Alabama
1107990,Alabama
1102892,Texas
1102932,Missouri
1102959,Texas
1102969,Missouri
1102980,Texas
1103017,Louisiana
1103025,Texas
1103035,Texas
1103039,Texas
1103043,Texas
1103063,New Mexico
1103071,Texas
1103114,Texas
1103134,Missouri
1103157,Texas
1103193,Texas
1103201,Texas
1103220,Texas
1103263,Texas
1103275,Missouri
1103274,Arkansas
1103287,Arkansas
1103286,Texas
1103379,Texas
1103397,Texas
1103415,Mississippi
1103432,Texas
1103492,Texas
1103562,Texas
1103559,Texas
1103576,Louisiana
1103605,New Mexico
1103660,Texas
1103659,New Mexico
1103678,Texas
1103745,Texas
1103746,Missouri
1103744,Texas
1103786,Arkansas
1103794,Texas
1103844,Texas
1103906,Texas
1103925,Texas
1103973,Texas
1104005,Texas
1104032,Oklahoma
1104062,Missouri
1104092,Missouri
1104099,Arkansas
1104121,Oklahoma
1104234,Texas
1104258,Texas
1104264,Missouri
1104328,Missouri
1104356,Texas
1104371,Texas
1104393,Texas
1104429,Texas
1104451,Texas
1104459,Missouri
1104474,Texas
1104494,Texas
1104497,New Mexico
1104520,Louisiana
1104540,Texas
1104545,Texas
1104556,Louisiana
1104578,Texas
1104579,Louisiana
1104623,Texas
1104627,Texas
1104633,Texas
1104673,Texas
1104700,Texas
1104732,Texas
1104758,Missouri
1104773,Texas
1104787,Texas
1104797,Texas
1104834,Oklahoma
1104856,Missouri
1104866,Texas
1104912,Texas
1104909,Oklahoma
1104925,Oklahoma
1104942,Texas
1104962,Texas
1104959,Texas
1104977,Oklahoma
1105009,Texas
1105034,Texas
1105042,Oklahoma
1105046,Missouri
1105094,Texas
1105104,Texas
1105124,Texas
1105146,Texas
1105163,Texas
1105168,Texas
1105193,Oklahoma
1105211,Texas
1105215,Texas
1105252,Louisiana
1105335,Mississippi
1105344,Louisiana
1105343,Louisiana
1105356,Texas
1105355,Texas
1105376,Texas
1105398,Missouri
1105409,Texas
1105430,Louisiana
1105504,Missouri
1105543,Texas
1105546,Texas
1105586,Texas
1105591,Louisiana
1105654,Texas
1105652,Missouri
1105671,Mississippi
1105681,Oklahoma
1105759,Oklahoma
1105795,Texas
1105893,Oklahoma
1105946,Texas
1105981,Texas
1106001,Louisiana
1106038,Oklahoma
1106044,Louisiana
1106058,Texas
1106078,Texas
1106120,Texas
1106193,Oklahoma
1106196,Oklahoma
1106257,Texas
1106320,Texas
1106334,Texas
1106359,Texas
1106373,Louisiana
1106374,Texas
1106407,Texas
1106419,Texas
1106499,Missouri
1106507,Arkansas
1106606,Oklahoma
1106652,Texas
1106688,Texas
1106694,Oklahoma
1106690,Louisiana
1106720,Mississippi
1106852,Texas
1106863,Oklahoma
1106938,Oklahoma
1106963,Texas
1106976,Texas
1106992,Texas
1106991,Texas
1106995,Texas
1107022,Texas
1107038,Texas
1107062,Texas
1107078,Texas
1107099,Oklahoma
1107106,Louisiana
1107149,Texas
1107216,Louisiana
1107217,Louisiana
1107233,Texas
1107243,Texas
1107390,Louisiana
1107399,Louisiana
1107454,Texas
1107471,New Mexico
1107519,Texas
1107535,Texas
1107554,Texas
1107583,Louisiana
1107587,Texas
1107585,Texas
1107599,Texas
1107618,Texas
1107617,Texas
1107691,Texas
1107699,Texas
1107736,Texas
1107750,Texas
1107781,Texas
1107838,Missouri
1107848,Texas
1107877,Texas
1107874,New Mexico
1107915,Oklahoma
1107966,Texas
1107971,Oklahoma
1102895,New York
1102919,New York
1102941,New York
1102951,Massachusetts
1102963,Connecticut
1103019,New Jersey
1103024,New York
1103070,Connecticut
1103102,New York
1103187,New York
1103236,New York
1103403,New York
1103500,Pennsylvania
1103509,Massachusetts
1103532,Massachusetts
1103556,Connecticut
1103564,New Jersey
1103627,Pennsylvania
1103633,Pennsylvania
1103661,Connecticut
1103672,New York
1103668,New York
1103747,Massachusetts
1103771,New York
1103876,Massachusetts
1103889,New York
1103921,New York
1103936,Connecticut
1103946,Pennsylvania
1104028,New Hampshire
1104046,Pennsylvania
1104088,New York
1104096,New York
1104143,New Jersey
1104162,Massachusetts
1104173,Massachusetts
1104181,Massachusetts
1104235,Pennsylvania
1104251,Pennsylvania
1104260,Pennsylvania
1104265,Massachusetts
1104269,New York
1104298,New York
1104329,New York
1104363,New York
1104384,New York
1104399,Pennsylvania
1104439,New Hampshire
1104438,Pennsylvania
1104498,New York
1104514,Pennsylvania
1104537,New York
1104538,Pennsylvania
1104601,Pennsylvania
1104618,Massachusetts
1104626,Pennsylvania
1104635,New York
1104637,Connecticut
1104640,Pennsylvania
1104675,Pennsylvania
1104733,Pennsylvania
1104828,Massachusetts
1104830,New York
1104897,New York
1104910,Pennsylvania
1104975,New York
1105014,Pennsylvania
1105036,New Jersey
1105053,Pennsylvania
1105060,New Jersey
1105073,Connecticut
1105141,New York
1105191,Pennsylvania
1105212,New York
1105279,Connecticut
1105336,New York
1105375,New York
1105401,New York
1105412,Pennsylvania
1105423,Pennsylvania
1105530,New York
1105578,New York
1105615,Pennsylvania
1105641,New York
1105732,Pennsylvania
1105829,New Jersey
1105914,New York
1105995,Pennsylvania
1106002,New Jersey
1106108,New York
1106106,Connecticut
1106148,Connecticut
1106179,Pennsylvania
1106240,New York
1106316,Pennsylvania
1106430,Pennsylvania
1106438,Connecticut
1106516,New York
1106529,New York
1106615,Pennsylvania
1106643,Massachusetts
1106665,Massachusetts
1106683,New York
1106706,New York
1106707,New York
1106746,New York
1106836,New York
1106862,New York
1106915,Massachusetts
1106917,Connecticut
1106931,Pennsylvania
1106977,New York
1106986,Connecticut
1106999,New Hampshire
1107065,Massachusetts
1107157,New Jersey
1107178,New Jersey
1107193,New Jersey
1107222,New York
1107259,Pennsylvania
1107266,Massachusetts
1107265,New York
1107282,New York
1107293,New York
1107348,New Jersey
1107430,New York
1107473,Connecticut
1107494,Connecticut
1107492,New Hampshire
1107500,Connecticut
1107506,Pennsylvania
1107508,Pennsylvania
1107516,New York
1107549,Massachusetts
1107565,Connecticut
1107590,New York
1107605,Connecticut
1107635,New York
1107710,New York
1107737,New York
1107796,New York
1107806,New York
1107818,Pennsylvania
1107904,New York
1107944,Pennsylvania
1107943,New York
1107956,New York
1102920,Connecticut
1102956,Connecticut
1103030,New York
1103142,New York
1103170,New York
1103194,New York
1103233,Massachusetts
1103258,New York
1103338,Pennsylvania
1103347,Massachusetts
1103484,New York
1103533,Pennsylvania
1103552,Connecticut
1103583,Connecticut
1103598,New Hampshire
1103634,Pennsylvania
1103787,New York
1103805,New York
1103866,New York
1103877,New York
1103896,New York
1103920,New York
1103927,Massachusetts
1103939,New York
1104107,New York
1104160,Massachusetts
1104164,New York
1104171,New York
1104382,Pennsylvania
1104400,Pennsylvania
1104442,Connecticut
1104446,New York
1104467,New York
1104464,New York
1104590,New York
1104599,Pennsylvania
1104693,New Hampshire
1104745,Connecticut
1104764,New York
1104791,Pennsylvania
1104878,Connecticut
1104928,New York
1104985,New York
1105108,New York
1105110,Pennsylvania
1105171,New York
1105195,Massachusetts
1105192,New Jersey
1105230,New York
1105270,New York
1105313,Connecticut
1105393,New York
1105440,New York
1105450,Pennsylvania
1105587,Connecticut
1105592,Connecticut
1105606,Massachusetts
1105621,Massachusetts
1105861,New York
1105858,Pennsylvania
1105918,Pennsylvania
1106173,New Jersey
1106285,Pennsylvania
1106319,Massachusetts
1106330,New York
1106451,Massachusetts
1106468,New York
1106469,New Jersey
1106530,New York
1106546,New Jersey
1106561,New York
1106569,New York
1106632,Massachusetts
1106656,Massachusetts
1106685,New York
1106686,Pennsylvania
1106689,Massachusetts
1106713,Pennsylvania
1106732,Pennsylvania
1106731,Pennsylvania
1106794,New Jersey
1106845,Pennsylvania
1106939,New York
1106987,Massachusetts
1107066,Connecticut
1107077,New Jersey
1107158,New Jersey
1107181,Connecticut
1107223,Connecticut
1107238,Massachusetts
1107289,New York
1107336,New York
1107353,New York
1107364,Connecticut
1107400,New York
1107455,New Hampshire
1107472,New York
1107534,New York
1107608,New Jersey
1107629,Connecticut
1107661,New York
1107698,Connecticut
1107751,New York
1107833,Massachusetts
1107867,Connecticut
1107901,Pennsylvania
1107945,Pennsylvania
1107957,Massachusetts
1107986,New York
1102916,Washington
1102985,Idaho
1103040,Washington
1103178,Washington
1103244,Washington
1103301,Idaho
1103418,Washington
1103493,Washington
1103498,Oregon
1103528,Washington
1103663,Connecticut
1103777,Idaho
1103817,Washington
1103897,Washington
1103922,Washington
1104041,Washington
1104097,Oregon
1104154,Washington
1104255,Washington
1104625,Alaska
1104772,Oregon
1104798,Washington
1104840,Washington
1104883,Idaho
1104949,Idaho
1105061,Washington
1105127,Alaska
1105179,Washington
1105273,Alaska
1105635,Connecticut
1105909,Oregon
1106063,Washington
1106185,Alaska
1106201,Washington
1106261,Idaho
1106278,Alaska
1106286,Idaho
1106324,Washington
1106336,Washington
1106383,Washington
1106531,Washington
1106555,Washington
1106589,Idaho
1106914,Alaska
1107017,Washington
1107146,Washington
1107226,Alaska
1107244,Oregon
1107287,Washington
1107321,Washington
1107338,Oregon
1107594,Alaska
1107771,Oregon
1107797,Washington
1107869,Washington
1107959,Washington
1102949,Washington
1103161,Washington
1103160,Alaska
1103197,Washington
1103366,Oregon
1103700,Washington
1103833,Washington
1103883,Washington
1104024,Washington
1104620,Washington
1104664,Alaska
1104784,Washington
1104789,Washington
1104821,Alaska
1104839,Washington
1104926,Washington
1104989,Washington
1104994,Idaho
1105180,Idaho
1105531,Washington
1105642,Washington
1105686,Washington
1105743,Idaho
1105959,Washington
1105983,Idaho
1106011,Washington
1106064,Washington
1106065,Idaho
1106180,Washington
1106214,Washington
1106219,Washington
1106511,Washington
1106581,Washington
1106829,Washington
1106838,Alaska
1106958,Idaho
1107469,Oregon
1107477,Washington
1107480,Washington
1107570,Oregon
1107662,Washington
1107714,Alaska
1102965,Illinois
1102974,Kansas
1103046,Illinois
1103112,Minnesota
1103132,Minnesota
1103341,Minnesota
1103456,Illinois
1103469,Minnesota
1103571,Michigan
1103694,Indiana
1103704,Minnesota
1103733,Iowa
1103834,Indiana
1103982,Indiana
1104091,Indiana
1104314,Iowa
1104348,Iowa
1104510,Minnesota
1104525,Michigan
1104546,Indiana
1104580,Minnesota
1104683,Michigan
1104716,Indiana
1104713,Indiana
1104780,Minnesota
1104778,Indiana
1104806,Kansas
1104841,Kansas
1104934,Indiana
1105101,Illinois
1105240,Illinois
1105244,Kansas
1105274,Indiana
1105357,Minnesota
1105365,Michigan
1105442,Indiana
1105501,Indiana
1105537,Illinois
1105571,Indiana
1105622,Illinois
1105665,Illinois
1105690,Iowa
1105697,Iowa
1105716,Michigan
1105755,Illinois
1105772,Michigan
1105958,Illinois
1106198,Illinois
1106204,Indiana
1106237,Iowa
1106290,Illinois
1106489,Minnesota
1106763,Minnesota
1107036,Indiana
1107308,Indiana
1107493,Indiana
1107631,Indiana
1107682,Illinois
1107681,Indiana
1107816,Illinois
1107825,Iowa
1107855,Illinois
1102904,Kentucky
1102992,Virginia
1103056,District of Columbia
1103259,North Carolina
1103281,Kentucky
1103278,District of Columbia
1103308,Virginia
1103317,District of Columbia
1103346,Virginia
1103425,District of Columbia
1103457,District of Columbia
1103458,Virginia
1103510,Maryland
1103511,West Virginia
1103548,North Carolina
1103654,District of Columbia
1103686,Virginia
1103695,Virginia
1103711,Kentucky
1103717,North Carolina
1103714,Virginia
1103840,Virginia
1103859,Virginia
1103934,Virginia
1104003,District of Columbia
1104013,Virginia
1104047,Tennessee
1104054,Virginia
1104082,Virginia
1104134,Kentucky
1104129,District of Columbia
1104142,Virginia
1104176,Tennessee
1104324,Virginia
1104444,Tennessee
1104440,Tennessee
1104454,Virginia
1104465,Kentucky
1104477,District of Columbia
1104528,Kentucky
1104542,Virginia
1104686,Kentucky
1104833,North Carolina
1104884,Delaware
1104896,West Virginia
1104935,Kentucky
1104973,Virginia
1104976,Virginia
1104984,West Virginia
1105033,Virginia
1105064,Virginia
1105065,North Carolina
1105067,District of Columbia
1105140,West Virginia
1105229,District of Columbia
1105332,North Carolina
1105463,Virginia
1105470,District of Columbia
1105502,Delaware
1105515,Virginia
1105540,Kentucky
1105554,Kentucky
1105719,District of Columbia
1105817,Virginia
1105821,Virginia
1105851,District of Columbia
1105978,North Carolina
1105991,Tennessee
1106111,District of Columbia
1106186,Virginia
1106187,North Carolina
1106245,Kentucky
1106270,Kentucky
1106301,Delaware
1106349,North Carolina
1106378,Virginia
1106411,Tennessee
1106532,Virginia
1106536,Virginia
1106537,District of Columbia
1106583,North Carolina
1106582,Delaware
1106597,District of Columbia
1106637,Kentucky
1106650,Tennessee
1106782,Virginia
1106795,District of Columbia
1106857,North Carolina
1106903,District of Columbia
1106964,North Carolina
1106978,Tennessee
1107067,Kentucky
1107236,District of Columbia
1107322,District of Columbia
1107328,Kentucky
1107418,Maryland
1107481,Virginia
1107495,Tennessee
1107563,District of Columbia
1107672,North Carolina
1107731,North Carolina
1107776,Kentucky
1107802,Maryland
1107814,Maryland
1107832,District of Columbia
1107849,North Carolina
1107886,West Virginia
1107902,Kentucky
1107933,Maryland
1107981,District of Columbia
1102913,New Jersey
1102926,New York
1103000,New York
1103010,New Jersey
1103060,New York
1103083,New York
1103096,New York
1103118,New York
1103202,New York
1103306,New York
1103326,New York
1103344,New York
1103380,Connecticut
1103416,Connecticut
1103479,New York
1103478,New York
1103534,Pennsylvania
1103608,New York
1103613,New York
1103653,Connecticut
1103715,Pennsylvania
1103773,New York
1103850,New York
1103873,New Jersey
1103910,Pennsylvania
1103926,New York
1104141,New York
1104166,New York
1104175,Massachusetts
1104182,Massachusetts
1104192,New Jersey
1104213,Pennsylvania
1104225,New York
1104238,New Jersey
1104261,New Hampshire
1104259,Massachusetts
1104308,Connecticut
1104323,New York
1104350,Connecticut
1104526,Connecticut
1104552,New Jersey
1104616,New Jersey
1104624,Pennsylvania
1104650,New York
1104656,Massachusetts
1104768,New York
1104861,New York
1104860,New Hampshire
1104879,New York
1104892,Pennsylvania
1104895,New York
1104954,New York
1105040,Connecticut
1105095,New York
1105100,New Jersey
1105099,New York
1105113,New York
1105118,New York
1105119,Pennsylvania
1105139,New Jersey
1105169,Pennsylvania
1105184,Pennsylvania
1105243,New York
1105259,Massachusetts
1105282,Vermont
1105300,New Jersey
1105390,Pennsylvania
1105457,Pennsylvania
1105465,Massachusetts
1105487,New York
1105599,Pennsylvania
1105636,Vermont
1105653,Pennsylvania
1105703,New York
1105727,New York
1105773,Connecticut
1105905,New York
1105924,Massachusetts
1105943,Pennsylvania
1105971,New York
1105992,New York
1106014,New Jersey
1106039,Pennsylvania
1106124,New York
1106166,New York
1106222,New York
1106302,New York
1106312,Connecticut
1106384,New York
1106391,New York
1106431,Connecticut
1106485,New Jersey
1106631,Connecticut
1106740,New Hampshire
1106798,Pennsylvania
1106837,Pennsylvania
1106922,Connecticut
1107010,Pennsylvania
1107023,Pennsylvania
1107052,Pennsylvania
1107080,Pennsylvania
1107135,Pennsylvania
1107187,New Hampshire
1107198,New York
1107267,New York
1107307,Connecticut
1107317,New York
1107360,New York
1107442,Pennsylvania
1107483,New Jersey
1107527,New York
1107532,Pennsylvania
1107551,Pennsylvania
1107561,New York
1107610,Connecticut
1107630,New Jersey
1107640,Massachusetts
1107686,Pennsylvania
1107690,New York
1107723,Connecticut
1107732,New York
1107788,Vermont
1107851,New York
1107859,New Jersey
1107913,New York
1107972,Pennsylvania
1107998,Pennsylvania